,member_id,membership_date,first_name,last_name,dob,country,city,language,member_post_cnt,member_upvotes,member_share_cnt
0,member_158,2022-01-30,Mariah,Bishop,2004-08-14 21:58:38.437308,Tonga,West Michele,en,8,54,10
1,member_128,2022-09-27,Karen,Davis,2007-08-14 21:58:38.452013,Greece,North Theresamouth,en,7,29,15
2,member_24,2022-04-28,Christina,Mitchell,2007-08-14 21:58:38.467169,Turks and Caicos Islands,North Jesseshire,en,3,7,37
3,member_147,2021-04-17,Patrick,Lopez,2004-08-14 21:58:38.482926,Equatorial Guinea,Lake Maryhaven,en,10,31,50
4,member_12,2022-08-01,Agathe,Rey,2013-08-12 21:58:38.498481,,,fr,3,41,37
5,member_162,2023-03-06,Yvonne,Flynn,2010-08-13 21:58:38.514035,Angola,New Kathleenstad,en,3,73,45
6,member_14,2023-02-23,Charlotte,Boulay,2008-08-13 21:58:38.528057,Haiti,East Leonard,fr,1,87,20
7,member_185,2020-11-10,Agnès,Maillet,2005-08-14 21:58:38.540809,Saint Lucia,North Jefferychester,fr,6,50,48
8,member_175,2023-01-30,Eric,Watts,2010-08-13 21:58:38.553583,British Virgin Islands,New Monicashire,en,7,90,10
9,member_71,2022-06-09,Amy,Zuniga,2006-08-14 21:58:38.567232,United Arab Emirates,New Jessica,en,4,39,39
10,member_17,2020-03-31,François,Verdier,2005-08-14 21:58:38.580702,Philippines,South Denise,fr,8,38,19
11,member_109,2021-01-21,Emmanuelle,Hamel,2009-08-13 21:58:38.595539,Togo,Rittershire,fr,10,76,12
12,member_189,2020-01-01,Christophe,Bazin,2013-08-12 21:58:38.609172,Saint Lucia,South Scott,fr,7,83,13
13,member_184,2023-05-30,Jesse,Mccoy,2015-08-12 21:58:38.622287,Germany,Jennifertown,en,6,70,8
14,member_20,2020-12-27,Alexander,Farmer,2003-08-15 21:58:38.635568,Tuvalu,West Jacob,en,3,90,46
15,member_23,2022-07-24,Tyler,Velazquez,2011-08-13 21:58:38.648085,Guam,West David,en,5,70,27
16,member_101,2022-03-14,Vanessa,Wright,2005-08-14 21:58:38.660574,New Caledonia,Kelseyberg,en,5,15,30
17,member_43,2023-02-19,Clémence,Payet,2010-08-13 21:58:38.674559,Mexico,South Sandramouth,fr,5,84,18
18,member_61,2021-10-20,Joshua,Rowe,2005-08-14 21:58:38.688868,Mozambique,New Michael,en,1,28,45
19,member_110,2020-07-23,Caleb,Johnson,2014-08-12 21:58:38.701860,,,en,10,92,16
20,member_45,2021-09-01,Françoise,Germain,2008-08-13 21:58:38.715057,Dominica,Youngtown,fr,8,88,33
21,member_112,2020-02-29,Debra,Williams,2009-08-13 21:58:38.728439,Macao,Judithchester,en,2,88,23
22,member_154,2021-12-03,Joshua,Webb,2005-08-14 21:58:38.741051,,,en,6,51,3
23,member_120,2021-04-20,Hélène,Chrétien,2013-08-12 21:58:38.753805,Greece,Kellyview,fr,5,42,1
24,member_164,2023-02-27,Catherine,Drake,2010-08-13 21:58:38.766901,Nauru,Pinedaton,en,8,41,32
25,member_78,2023-05-04,Amy,Mitchell,2004-08-14 21:58:38.780279,Liberia,Ericmouth,en,10,64,34
26,member_84,2022-01-21,Kevin,Freeman,2015-08-12 21:58:38.792933,Iceland,South Karenport,en,7,23,29
27,member_71,2022-02-08,Marc,Turpin,2004-08-14 21:58:38.805275,Serbia,Kennethton,fr,10,96,31
28,member_137,2023-08-29,Marie,Petitjean,2003-08-15 21:58:38.819075,India,Port Michaelfurt,fr,2,80,18
29,member_6,2023-04-29,Lorraine,Le Goff,2006-08-14 21:58:38.831730,,,fr,3,67,5
30,member_13,2020-08-25,James,Gill,2011-08-13 21:58:38.844979,Tuvalu,Port Heidi,en,4,51,49
31,member_147,2021-07-10,Kayla,Clark,2008-08-13 21:58:38.858628,Saint Kitts and Nevis,North Christophertown,en,8,89,3
32,member_13,2021-04-11,Stephen,Wilson,2006-08-14 21:58:38.873266,Tonga,Darylside,en,3,67,9
33,member_9,2023-04-18,Michael,Miller,2003-08-15 21:58:38.889308,Marshall Islands,Port Brookeburgh,en,3,97,40
34,member_154,2022-11-17,Antoine,Lemaître,2008-08-13 21:58:38.903896,Benin,Rubenland,fr,7,50,26
35,member_17,2021-08-27,Lee,Gaines,2006-08-14 21:58:38.918540,Cape Verde,New Timtown,en,10,25,32
36,member_109,2020-09-28,Geneviève,Ferreira,2010-08-13 21:58:38.933431,Bhutan,Lake Tammytown,fr,3,41,47
37,member_145,2021-04-18,Robert,Ramirez,2013-08-12 21:58:38.948372,,,en,9,69,48
38,member_62,2022-09-23,Ryan,Chen,2008-08-13 21:58:38.961925,Saint Barthelemy,New Phyllisland,en,2,30,19
39,member_156,2023-08-09,Ernest,Mcdonald,2006-08-14 21:58:38.975030,Norway,Lake Richardview,en,9,22,2
40,member_158,2022-09-30,Kyle,Johnson,2010-08-13 21:58:38.988986,Antigua and Barbuda,Lake Carol,en,2,93,21
41,member_21,2021-08-23,Gabrielle,Grégoire,2014-08-12 21:58:39.003588,Ghana,South Terri,fr,9,39,4
42,member_17,2022-02-14,Michèle,Jean,2014-08-12 21:58:39.016993,Tokelau,South Brookeville,fr,1,51,1
43,member_23,2023-03-23,Thierry,Faivre,2004-08-14 21:58:39.030503,Samoa,Lake Edwin,fr,6,58,37
44,member_28,2020-06-08,Victoria,Hunter,2003-08-15 21:58:39.043676,Togo,Glennmouth,en,4,44,40
45,member_53,2021-07-22,Danielle,Picard,2011-08-13 21:58:39.056500,Serbia,New Gina,fr,9,77,33
46,member_99,2023-02-04,Jenna,Williams,2009-08-13 21:58:39.069578,Latvia,Fosterville,en,1,49,31
47,member_22,2020-10-26,Courtney,Garcia,2015-08-12 21:58:39.082725,Tanzania,Vaughantown,en,10,46,3
48,member_149,2020-11-11,Anaïs,Millet,2009-08-13 21:58:39.095835,,,fr,1,91,28
49,member_21,2020-12-11,Joseph,Johnson,2012-08-12 21:58:39.108849,Bahamas,New Crystalburgh,en,9,10,26
50,member_171,2023-07-29,Charles,Shepard,2014-08-12 21:58:39.121633,,,en,8,65,22
51,member_33,2021-11-06,Marine,Georges,2005-08-14 21:58:39.135943,Aruba,Diazberg,fr,1,12,15
52,member_37,2020-07-10,Ian,Woods,2012-08-12 21:58:39.150500,Palestinian Territory,Robertsside,en,9,68,8
53,member_186,2020-02-10,Benjamin,Germain,2006-08-14 21:58:39.163687,Austria,Bradleyfort,fr,6,84,39
54,member_182,2021-11-23,Charlotte,Foucher,2003-08-15 21:58:39.177515,Antigua and Barbuda,North Lydiastad,fr,9,31,17
55,member_169,2021-01-30,Gabrielle,Weiss,2008-08-13 21:58:39.190995,Benin,South Colleenfurt,en,7,39,2
56,member_63,2023-02-12,Meredith,Hooper,2009-08-13 21:58:39.204140,Saint Barthelemy,Port Misty,en,8,72,39
57,member_108,2022-06-02,Paulette,Marie,2014-08-12 21:58:39.216948,Malaysia,Palmerside,fr,10,67,22
58,member_86,2022-09-17,Jonathan,Bailey,2008-08-13 21:58:39.230491,,,en,7,56,45
59,member_3,2023-08-06,Bernard,Martineau,2009-08-13 21:58:39.243394,Libyan Arab Jamahiriya,Alvarezfurt,fr,10,72,31
60,member_174,2023-03-30,Aimée,Pichon,2006-08-14 21:58:39.255933,Guadeloupe,Reedbury,fr,4,18,41
61,member_21,2023-05-29,Jonathan,Fletcher,2005-08-14 21:58:39.268900,Peru,South Renee,en,4,82,45
62,member_151,2020-12-15,Madeleine,Menard,2014-08-12 21:58:39.281809,Czech Republic,New Briannafurt,fr,3,55,43
63,member_142,2022-08-10,Olivier,Pelletier,2013-08-12 21:58:39.295154,France,Jeremiahburgh,fr,7,95,45
64,member_133,2023-02-18,Brian,Chan,2005-08-14 21:58:39.308108,Philippines,Rodriguezbury,en,8,88,49
65,member_38,2022-02-14,Morgan,Miller,2009-08-13 21:58:39.320894,Botswana,Spencerland,en,2,55,35
66,member_15,2020-12-13,Sherry,Carpenter,2015-08-12 21:58:39.334182,Bahamas,Jasonfurt,en,1,95,35
67,member_167,2021-08-13,Ashley,Mckinney,2006-08-14 21:58:39.348444,Timor-Leste,New Jeffrey,en,9,14,18
68,member_165,2020-11-09,Alexandria,Grenier,2010-08-13 21:58:39.362403,Bahamas,Lake Nicole,fr,8,42,47
69,member_146,2023-05-05,Eddie,Dunn,2015-08-12 21:58:39.375814,,,en,3,47,32
70,member_120,2023-01-21,Hugues,Prévost,2011-08-13 21:58:39.388921,Sri Lanka,Jasonbury,fr,5,96,2
71,member_22,2020-05-30,Bertrand,Chauvet,2006-08-14 21:58:39.403166,Kazakhstan,Lake Anitaborough,fr,2,58,38
72,member_69,2023-01-03,Corinne,Leclercq,2010-08-13 21:58:39.416497,Mexico,North Aaron,fr,4,97,10
73,member_130,2022-08-14,Émilie,Poulain,2004-08-14 21:58:39.429325,Angola,Port Edwardshire,fr,3,91,39
74,member_65,2021-06-30,Yolanda,Vang,2015-08-12 21:58:39.443100,,,en,5,88,5
75,member_129,2023-01-10,Anastasie,Bruneau,2012-08-12 21:58:39.455851,Iceland,West Miguel,fr,9,70,7
76,member_140,2021-10-27,Adam,Thomas,2007-08-14 21:58:39.468875,Syrian Arab Republic,West Claudia,en,3,40,43
77,member_89,2022-09-03,Henriette,Pichon,2010-08-13 21:58:39.481565,,,fr,10,55,44
78,member_141,2023-02-13,Ashlee,Le,2005-08-14 21:58:39.494455,Saint Barthelemy,Tracyfurt,en,5,35,48
79,member_185,2023-05-23,Auguste,Clerc,2012-08-12 21:58:39.508325,,,fr,7,79,41
80,member_97,2022-04-20,Danielle,Gros,2005-08-14 21:58:39.523973,Bulgaria,Smithshire,fr,4,37,11
81,member_35,2020-06-26,Andrew,Boyd,2009-08-13 21:58:39.536934,Saint Vincent and the Grenadines,East Taylorstad,en,8,1,3
82,member_16,2022-08-05,Christina,Adams,2003-08-15 21:58:39.550520,Turks and Caicos Islands,Danaview,en,4,64,9
83,member_146,2022-11-19,Heather,Rhodes,2008-08-13 21:58:39.563502,Bulgaria,Susanhaven,en,5,90,29
84,member_113,2020-04-28,Andrée,Pineau,2009-08-13 21:58:39.576813,Armenia,East Michael,fr,3,12,5
85,member_136,2020-11-18,Chase,Baker,2005-08-14 21:58:39.589641,Bolivia,Mitchellhaven,en,2,32,24
86,member_86,2020-10-14,Barbara,Wilkinson,2014-08-12 21:58:39.602701,Antarctica (the territory South of 60 deg S),Collinsstad,en,1,21,38
87,member_192,2020-01-23,Dominique,Antoine,2013-08-12 21:58:39.616242,Estonia,Port Destinystad,fr,1,62,16
88,member_129,2022-09-26,Susan,Lowe,2006-08-14 21:58:39.629007,San Marino,Marissaville,en,4,7,37
89,member_121,2022-08-04,Jeanne,Lefèvre,2014-08-12 21:58:39.641766,New Zealand,South Cherylfort,fr,8,12,37
90,member_114,2023-02-28,Paul,Bradford,2003-08-15 21:58:39.655492,Thailand,North Jared,en,4,50,23
91,member_185,2022-08-22,Jeanne,Royer,2005-08-14 21:58:39.669904,,,fr,5,85,39
92,member_170,2022-11-06,Alexandra,Franklin,2006-08-14 21:58:39.682904,,,en,2,68,43
93,member_7,2021-02-28,Edward,Villanueva,2013-08-12 21:58:39.695720,Israel,Lauriemouth,en,4,63,44
94,member_180,2020-11-23,Jennifer,Spence,2005-08-14 21:58:39.708941,Bolivia,Elizabethtown,en,1,71,26
95,member_182,2023-02-11,Cassandra,Pierce,2004-08-14 21:58:39.722191,Albania,Laurenshire,en,1,15,35
96,member_4,2021-12-31,Brandy,Martinez,2006-08-14 21:58:39.735162,,,en,7,92,11
97,member_57,2023-04-04,Jules,Traore,2011-08-13 21:58:39.748035,,,fr,1,37,23
98,member_109,2020-06-16,Marie,Sanchez,2014-08-12 21:58:39.761932,,,fr,8,90,40
99,member_167,2020-12-13,Jacques,Jacquot,2010-08-13 21:58:39.776244,Japan,Port Ryan,fr,10,62,23
100,member_18,2022-12-14,Émilie,Ferrand,2009-08-13 21:58:39.789707,Dominican Republic,Brandonton,fr,2,98,50
101,member_58,2022-02-27,Valentine,Jourdan,2011-08-13 21:58:39.803241,Iraq,South Jacquelineside,fr,3,36,25
102,member_16,2022-12-25,Hannah,Sutton,2005-08-14 21:58:39.817768,Aruba,Ginastad,en,6,36,15
103,member_186,2020-12-18,Patricia,Dupuis,2010-08-13 21:58:39.831617,Somalia,New Carloston,fr,1,54,13
104,member_89,2023-02-04,Mary,Holmes,2008-08-13 21:58:39.846198,Malaysia,Smithbury,en,1,100,9
105,member_14,2021-01-05,Jacqueline,Morgan,2014-08-12 21:58:39.860966,Korea,Williamview,en,1,46,13
106,member_25,2020-06-11,Alix,Noël,2014-08-12 21:58:39.875655,,,fr,8,55,26
107,member_119,2022-11-02,Cynthia,Moore,2013-08-12 21:58:39.890261,Czech Republic,Lake Melissa,en,2,16,9
108,member_141,2020-07-21,Scott,Willis,2014-08-12 21:58:39.903647,Azerbaijan,East Robert,en,7,25,40
109,member_193,2021-12-29,Jeffrey,King,2012-08-12 21:58:39.918041,,,en,8,25,39
110,member_12,2023-02-22,Kelsey,Hobbs,2004-08-14 21:58:39.932228,Colombia,Lake Tiffanybury,en,10,88,9
111,member_5,2020-06-25,Kathleen,Ellis,2006-08-14 21:58:39.946030,Australia,Bowmanside,en,7,80,8
112,member_131,2020-02-08,Josette,Lagarde,2011-08-13 21:58:39.960185,Senegal,Hughesmouth,fr,3,28,13
113,member_146,2021-03-20,James,Ward,2013-08-12 21:58:39.974126,Papua New Guinea,West Meredith,en,4,47,50
114,member_154,2020-07-15,Christine,Huffman,2005-08-14 21:58:39.988066,Burkina Faso,South Lisa,en,6,97,26
115,member_166,2021-02-26,Marthe,Rocher,2003-08-15 21:58:40.002868,Lesotho,Bradleyland,fr,9,76,1
116,member_161,2020-11-07,Lori,Suarez,2012-08-12 21:58:40.016784,Liechtenstein,East Caleb,en,4,44,12
117,member_184,2022-07-23,Daisy,Clark,2003-08-15 21:58:40.030575,,,en,7,49,32
118,member_132,2022-09-16,Kayla,Rodriguez,2011-08-13 21:58:40.043940,Saint Kitts and Nevis,New Heather,en,1,94,8
119,member_146,2020-10-20,John,Mcmillan,2004-08-14 21:58:40.057003,Tokelau,East Joseph,en,6,55,27
120,member_138,2020-06-22,Jack,Mendez,2014-08-12 21:58:40.071441,Dominica,Wilsonbury,en,5,46,33
121,member_117,2022-03-30,Sylvie,Carpentier,2005-08-14 21:58:40.084770,Timor-Leste,New Christina,fr,10,65,38
122,member_107,2022-05-18,Jeffrey,Krueger,2011-08-13 21:58:40.097787,,,en,9,2,12
123,member_129,2020-11-27,Édith,Bailly,2010-08-13 21:58:40.110954,Zimbabwe,North Spencerland,fr,7,85,20
124,member_16,2023-05-29,Evelyn,Suarez,2012-08-12 21:58:40.123914,,,en,5,35,19
125,member_113,2022-04-12,Christiane,Jacquot,2012-08-12 21:58:40.137867,Belgium,Keyborough,fr,10,88,9
126,member_150,2022-06-29,Auguste,Rodrigues,2014-08-12 21:58:40.151113,Saint Barthelemy,Port Tony,fr,7,27,3
127,member_44,2022-09-26,Philippe,Simon,2010-08-13 21:58:40.164514,Christmas Island,West Travis,fr,10,69,4
128,member_27,2021-09-07,Joseph,Adams,2003-08-15 21:58:40.178725,Hungary,East Samantha,en,3,16,26
129,member_1,2021-03-20,Christine,Grant,2014-08-12 21:58:40.191968,Slovakia (Slovak Republic),West William,en,9,98,28
130,member_180,2023-01-04,Donna,Hensley,2006-08-14 21:58:40.205354,,,en,10,94,16
131,member_134,2020-11-11,Jessica,Rosario,2013-08-12 21:58:40.218628,Ghana,North Deborahmouth,en,1,37,38
132,member_97,2022-06-26,Diane,Hobbs,2008-08-13 21:58:40.233223,Venezuela,Port Madeline,en,8,3,18
133,member_99,2020-09-04,Austin,Smith,2011-08-13 21:58:40.247740,Bahamas,Lake Gregton,en,6,64,50
134,member_65,2020-02-19,Lindsey,Fuentes,2013-08-12 21:58:40.261410,Niue,Sweeneybury,en,8,60,35
135,member_9,2023-06-07,Christopher,Brown,2004-08-14 21:58:40.274930,Lebanon,Peterview,en,6,92,11
136,member_186,2022-08-08,Nathaniel,Velez,2009-08-13 21:58:40.288155,Turkmenistan,Caseymouth,en,3,38,43
137,member_87,2021-02-13,Adrien,Laine,2011-08-13 21:58:40.301443,Niue,Lake Jennifer,fr,2,64,19
138,member_29,2022-02-28,Joseph,Mathieu,2012-08-12 21:58:40.314231,Senegal,Sharpburgh,fr,4,32,4
139,member_8,2021-03-07,Joe,Rose,2004-08-14 21:58:40.327257,,,en,9,34,17
140,member_79,2022-06-10,Richard,Hansen,2013-08-12 21:58:40.341302,Tunisia,Lake Haroldview,en,10,55,14
141,member_165,2023-07-19,Claude,Evrard,2004-08-14 21:58:40.354925,Jamaica,South Coreyfurt,fr,1,38,17
142,member_18,2020-11-24,Brandon,Holmes,2014-08-12 21:58:40.367971,,,en,8,2,20
143,member_64,2021-01-14,Andrea,Lopez,2006-08-14 21:58:40.381256,,,en,7,76,12
144,member_162,2023-03-11,Kathy,Malone,2009-08-13 21:58:40.394198,Andorra,North Daniel,en,10,40,16
145,member_99,2020-07-29,Margaux,Teixeira,2014-08-12 21:58:40.406897,Guadeloupe,Patriciaburgh,fr,10,91,11
146,member_114,2020-04-05,Joseph,Webb,2011-08-13 21:58:40.419652,Niger,Port Mark,en,4,3,35
147,member_159,2020-12-09,Laurence,Arnaud,2010-08-13 21:58:40.432400,Kazakhstan,Kingbury,fr,9,10,28
148,member_75,2022-06-01,Isaac,Brown,2015-08-12 21:58:40.445890,Andorra,Jenniferborough,en,8,5,8
149,member_33,2023-07-04,Scott,Meyer,2012-08-12 21:58:40.458922,Haiti,South Kristybury,en,5,96,28
150,member_123,2021-04-02,Andre,Nichols,2003-08-15 21:58:40.471785,Saint Helena,South Christinechester,en,4,12,32
151,member_38,2022-09-23,Cynthia,Acosta,2008-08-13 21:58:40.486307,Moldova,Brandonville,en,4,72,47
152,member_96,2020-11-26,Denise,Gordon,2007-08-14 21:58:40.500299,San Marino,North Lisaton,en,3,60,16
153,member_85,2021-08-29,Derek,Alexander,2005-08-14 21:58:40.513566,,,en,5,64,46
154,member_94,2020-06-07,Benoît,Jean,2006-08-14 21:58:40.526964,Iceland,Amyshire,fr,2,65,43
155,member_133,2023-03-11,Sean,Jones,2014-08-12 21:58:40.540964,Iran,Lake Jeffrey,en,10,3,48
156,member_144,2023-08-14,Judy,Carr,2011-08-13 21:58:40.554706,Nigeria,New Rachaelborough,en,6,28,44
157,member_63,2022-01-19,Joshua,Donaldson,2003-08-15 21:58:40.568543,Iraq,Ericside,en,6,78,41
158,member_130,2023-06-12,Janet,Rich,2003-08-15 21:58:40.582799,Vanuatu,South Clifford,en,2,64,46
159,member_49,2021-03-18,Maurice,Gutierrez,2011-08-13 21:58:40.596518,Turks and Caicos Islands,Nelsonberg,en,5,36,16
160,member_183,2020-03-08,Audrey,Dupont,2011-08-13 21:58:40.609781,Germany,Terryland,fr,4,99,14
161,member_168,2022-05-11,Kristina,Webb,2014-08-12 21:58:40.622843,Iran,Grimesshire,en,2,15,22
162,member_10,2022-09-30,Cheryl,Nguyen,2007-08-14 21:58:40.635825,Paraguay,New Wendy,en,4,57,5
163,member_109,2022-04-02,Alicia,Bennett,2005-08-14 21:58:40.649129,,,en,4,63,35
164,member_38,2021-05-17,Adam,Hansen,2015-08-12 21:58:40.662061,Iran,Gonzaleston,en,9,29,39
165,member_19,2020-09-23,Victor,Dickson,2014-08-12 21:58:40.674842,Cook Islands,East Christopherville,en,5,68,33
166,member_127,2022-05-29,Leslie,Haynes,2004-08-14 21:58:40.687690,Kazakhstan,Jenniferfurt,en,2,38,7
167,member_51,2022-11-23,Jon,Martin,2015-08-12 21:58:40.701594,Togo,Port Sherryside,en,2,87,1
168,member_75,2021-08-15,Guillaume,Roussel,2010-08-13 21:58:40.715998,Namibia,North Johnborough,fr,2,52,9
169,member_115,2021-01-01,Célina,Peron,2009-08-13 21:58:40.728817,,,fr,7,27,3
170,member_43,2023-03-04,Maggie,Leroux,2009-08-13 21:58:40.741585,Bolivia,Foxburgh,fr,8,65,34
171,member_151,2020-02-08,Bertrand,Chartier,2012-08-12 21:58:40.755128,,,fr,5,46,9
172,member_86,2020-12-15,Elizabeth,Strickland,2006-08-14 21:58:40.768309,Bermuda,Briannamouth,en,10,49,48
173,member_16,2022-04-07,Dale,Kelly,2011-08-13 21:58:40.781058,Norfolk Island,Kimberlystad,en,6,69,21
174,member_127,2020-03-12,Katherine,Hall,2010-08-13 21:58:40.794343,Mongolia,Jonesview,en,2,33,42
175,member_91,2020-05-23,Gabrielle,Masson,2009-08-13 21:58:40.807778,India,Harperchester,fr,1,70,16
176,member_98,2020-08-08,Angela,Hardin,2008-08-13 21:58:40.820674,Iraq,West Kellyshire,en,1,16,47
177,member_73,2021-11-04,Samuel,Grant,2010-08-13 21:58:40.833567,Aruba,Port Joe,en,7,66,32
178,member_79,2021-12-30,Lauren,Gray,2009-08-13 21:58:40.846396,Barbados,Patriciahaven,en,9,72,40
179,member_161,2022-06-29,Denise,Smith,2007-08-14 21:58:40.859925,Turkmenistan,North John,en,9,23,9
180,member_175,2021-05-06,Maurice,Fabre,2013-08-12 21:58:40.874331,Anguilla,Valenzuelatown,fr,1,82,19
181,member_62,2023-08-01,Gerald,Hebert,2014-08-12 21:58:40.887633,Lebanon,East Jake,en,8,73,37
182,member_29,2023-07-31,Christopher,Lee,2012-08-12 21:58:40.901096,Burkina Faso,Lopezbury,en,7,74,29
183,member_40,2022-11-19,Tracy,Moore,2013-08-12 21:58:40.914827,,,en,9,56,32
184,member_144,2020-07-10,Matthew,Mathews,2015-08-12 21:58:40.927685,Morocco,Nelsonmouth,en,4,74,22
185,member_58,2021-10-14,Helen,Velazquez,2015-08-12 21:58:40.940351,American Samoa,Samanthafort,en,5,38,47
186,member_24,2022-06-17,Nathan,Johnson,2003-08-15 21:58:40.953089,,,en,10,48,39
187,member_12,2022-04-30,Corinne,Daniel,2004-08-14 21:58:40.966651,,,fr,6,22,2
188,member_177,2020-06-11,James,Cruz,2010-08-13 21:58:40.979721,,,en,4,54,29
189,member_39,2021-06-21,Nathan,Perry,2008-08-13 21:58:40.992761,Lebanon,East Annaborough,en,3,5,41
190,member_81,2021-09-12,Ryan,Parker,2014-08-12 21:58:41.006258,Benin,South Codyburgh,en,5,24,34
191,member_1,2023-02-20,Anna,Gilbert,2007-08-14 21:58:41.019346,,,en,7,43,11
192,member_126,2020-04-05,Marianne,Lemaître,2003-08-15 21:58:41.032139,Tajikistan,East Stephaniefort,fr,2,87,25
193,member_188,2021-09-14,Kevin,Rosario,2008-08-13 21:58:41.045056,Tanzania,Jensenville,en,2,12,9
194,member_78,2022-08-09,Autumn,Joyce,2010-08-13 21:58:41.058018,South Africa,South Megan,en,3,57,45
195,member_64,2023-04-01,Tammy,Lopez,2012-08-12 21:58:41.071320,Papua New Guinea,North Melissaview,en,1,53,37
196,member_180,2023-04-25,Wendy,Flores,2004-08-14 21:58:41.084379,Netherlands Antilles,Port Sherriburgh,en,3,85,17
197,member_158,2020-10-18,Helen,Thompson,2004-08-14 21:58:41.097179,Netherlands Antilles,Christopherland,en,1,68,46
198,member_48,2022-02-25,John,Hanson,2014-08-12 21:58:41.110695,Cote d'Ivoire,East Karen,en,4,42,2
199,member_34,2022-10-20,Julien,Masse,2009-08-13 21:58:41.123715,Fiji,Thompsonport,fr,2,69,50
200,member_83,2022-02-05,Auguste,Lesage,2008-08-13 21:58:41.136660,Iceland,Brendachester,fr,9,94,34
201,member_145,2020-10-22,Matthew,Wells,2006-08-14 21:58:41.149750,Italy,North Mariah,en,2,94,11
202,member_45,2020-05-23,Benjamin,Jacquet,2010-08-13 21:58:41.162393,Vietnam,Ortizchester,fr,4,43,15
203,member_102,2022-04-17,Carolyn,Bennett,2005-08-14 21:58:41.175972,Jordan,Markland,en,1,69,20
204,member_64,2021-02-25,Marguerite,Rodrigues,2014-08-12 21:58:41.188692,Korea,Monicamouth,fr,5,77,17
205,member_34,2021-08-27,Luc,Pichon,2003-08-15 21:58:41.201422,Qatar,South David,fr,2,46,28
206,member_150,2020-10-15,Brian,Mcdowell,2010-08-13 21:58:41.214964,Argentina,Kristaville,en,4,81,27
207,member_43,2021-07-15,Olivier,Foucher,2004-08-14 21:58:41.227929,Lithuania,Adamburgh,fr,10,71,8
208,member_44,2023-01-24,Jason,Ellis,2011-08-13 21:58:41.240714,American Samoa,Barryview,en,3,19,45
209,member_131,2020-05-01,Russell,Webb,2014-08-12 21:58:41.254258,,,en,5,19,26
210,member_76,2020-01-09,William,Watson,2003-08-15 21:58:41.267275,Solomon Islands,West Kimberly,en,8,36,15
211,member_158,2021-12-20,Holly,Holland,2005-08-14 21:58:41.280581,Colombia,South Jerryberg,en,2,51,15
212,member_120,2022-05-24,Catherine,Shepherd,2005-08-14 21:58:41.293741,,,en,10,6,30
213,member_168,2020-07-08,Jason,Terrell,2005-08-14 21:58:41.306475,Honduras,Lake Katherine,en,4,15,30
214,member_151,2023-08-14,Mark,Kelly,2009-08-13 21:58:41.320095,New Zealand,East Michaelview,en,2,77,21
215,member_119,2021-03-24,Honoré,Huet,2010-08-13 21:58:41.332912,Ghana,Smithstad,fr,7,95,39
216,member_65,2021-06-08,Margaret,Valette,2013-08-12 21:58:41.345594,Morocco,Port Jessicamouth,fr,10,33,48
217,member_56,2022-03-09,Thomas,Alexander,2009-08-13 21:58:41.358429,,,en,4,72,11
218,member_22,2021-07-12,Stacy,Thompson,2014-08-12 21:58:41.371470,Jersey,Shermanview,en,2,27,42
219,member_36,2023-01-26,Cécile,Delahaye,2004-08-14 21:58:41.384946,,,fr,9,69,11
220,member_163,2020-08-13,Kristin,Morrison,2007-08-14 21:58:41.397807,Pakistan,Wesleytown,en,2,42,40
221,member_88,2020-10-25,Jeanne,Delattre,2003-08-15 21:58:41.410511,Marshall Islands,Jordanchester,fr,8,28,3
222,member_20,2023-05-30,Laurent,Dupuy,2009-08-13 21:58:41.424031,Yemen,East Nancy,fr,4,74,33
223,member_65,2023-03-10,Gary,Moore,2014-08-12 21:58:41.436986,Grenada,Lake Amber,en,4,82,27
224,member_147,2020-12-22,Frédéric,Robin,2009-08-13 21:58:41.449742,Sao Tome and Principe,Whitefurt,fr,7,43,8
225,member_3,2022-01-08,Émilie,Pons,2003-08-15 21:58:41.462418,,,fr,6,80,47
226,member_78,2023-01-13,Timothée,Maillot,2011-08-13 21:58:41.475255,,,fr,10,6,37
227,member_106,2023-07-14,Brigitte,Weber,2010-08-13 21:58:41.488693,Armenia,Williamstad,fr,8,95,23
228,member_187,2022-02-12,Matthew,Jackson,2007-08-14 21:58:41.501611,Libyan Arab Jamahiriya,Nicoleshire,en,6,90,33
229,member_104,2020-10-11,William,Ollivier,2011-08-13 21:58:41.514341,Saint Kitts and Nevis,Jillside,fr,5,59,35
230,member_99,2022-03-19,Jasmine,Conner,2005-08-14 21:58:41.527804,Faroe Islands,Wisemouth,en,3,47,24
231,member_41,2023-05-03,Erica,Morales,2013-08-12 21:58:41.540963,,,en,4,26,5
232,member_22,2022-05-13,Adélaïde,Renaud,2009-08-13 21:58:41.553719,Vietnam,Lake Matthew,fr,9,21,44
233,member_167,2023-06-26,Cameron,Moreno,2011-08-13 21:58:41.566557,,,en,9,22,19
234,member_8,2023-06-09,Charles,Camus,2011-08-13 21:58:41.579275,Bermuda,Lake Benjamin,fr,6,65,28
235,member_71,2022-12-15,Élisabeth,Lefort,2006-08-14 21:58:41.593797,,,fr,7,89,39
236,member_100,2023-05-19,Joshua,Reynolds,2003-08-15 21:58:41.606627,Vanuatu,Austinport,en,10,39,42
237,member_184,2020-03-15,Dominique,Singh,2015-08-12 21:58:41.619668,Austria,North Christian,en,5,36,6
238,member_71,2021-08-03,Marthe,Gonzalez,2013-08-12 21:58:41.633103,Peru,South Jonathan,fr,6,96,33
239,member_12,2022-01-18,Kristina,Finley,2015-08-12 21:58:41.646034,Kiribati,Whitemouth,en,8,22,29
240,member_124,2020-12-26,Nicole,Ruiz,2006-08-14 21:58:41.659380,Monaco,New Chadstad,fr,5,86,32
241,member_31,2021-04-24,Nicolas,Joly,2011-08-13 21:58:41.672736,Austria,Davidmouth,fr,3,18,15
242,member_157,2021-02-27,Robert,Hill,2014-08-12 21:58:41.686965,Israel,Port Gregory,en,4,9,7
243,member_137,2023-02-10,Shane,Jones,2010-08-13 21:58:41.700503,Taiwan,New Cameronview,en,10,24,36
244,member_19,2023-01-06,Dominique,Marchand,2012-08-12 21:58:41.713343,Tanzania,West Kimberlyshire,fr,10,1,46
245,member_113,2021-01-10,Kristen,Henderson,2007-08-14 21:58:41.727325,Vanuatu,Christopherland,en,3,49,33
246,member_13,2020-04-03,Sarah,Ray,2010-08-13 21:58:41.741008,Palestinian Territory,North Michelleville,en,4,34,39
247,member_88,2020-08-24,Cassie,Schultz,2007-08-14 21:58:41.755296,,,en,9,44,50
248,member_181,2021-12-13,Casey,Patterson,2010-08-13 21:58:41.768773,,,en,8,16,13
249,member_14,2021-09-01,Richard,Williams,2011-08-13 21:58:41.781924,,,en,6,82,10
250,member_177,2023-01-17,Kevin,Bush,2009-08-13 21:58:41.796156,Kuwait,West Denise,en,8,13,29
251,member_172,2021-07-03,Joseph,Moon,2008-08-13 21:58:41.810396,Canada,Melissashire,en,8,40,9
252,member_31,2022-02-22,Alexandra,Russell,2003-08-15 21:58:41.824477,,,en,9,83,19
253,member_2,2020-08-03,Savannah,Buckley,2013-08-12 21:58:41.837986,Yemen,Julieberg,en,8,69,17
254,member_2,2022-02-19,Margaret,Leleu,2003-08-15 21:58:41.853013,,,fr,8,62,8
255,member_43,2020-02-25,John,Ruiz,2014-08-12 21:58:41.865971,French Polynesia,Grantmouth,en,3,28,14
256,member_24,2022-04-27,Camille,Delahaye,2011-08-13 21:58:41.879024,Burundi,North Michael,fr,5,62,29
257,member_0,2020-04-13,Kathleen,Pearson,2014-08-12 21:58:41.892625,Bulgaria,Robertside,en,1,56,1
258,member_176,2020-01-25,Dean,Collins,2003-08-15 21:58:41.905948,Saint Kitts and Nevis,East Samuel,en,8,8,44
259,member_184,2021-02-12,Patricia,Fox,2011-08-13 21:58:41.919144,Northern Mariana Islands,Bergburgh,en,3,14,43
260,member_28,2022-05-22,Allison,Velez,2012-08-12 21:58:41.932034,Poland,West Susanport,en,10,32,41
261,member_57,2022-09-15,Mason,Shaw,2015-08-12 21:58:41.946187,Isle of Man,Port Troy,en,1,83,32
262,member_36,2020-11-25,Laurie,Kerr,2010-08-13 21:58:41.959340,El Salvador,Allisonfort,en,5,23,39
263,member_95,2020-11-14,Juliette,Bouvier,2006-08-14 21:58:41.971991,Faroe Islands,Veronicamouth,fr,7,46,36
264,member_190,2020-09-29,Sarah,Brady,2014-08-12 21:58:41.984879,Guatemala,East Nathaniel,en,7,72,30
265,member_154,2022-06-24,Charles,Salazar,2011-08-13 21:58:41.998381,Guinea-Bissau,Johnberg,en,1,36,13
266,member_77,2021-10-10,Melissa,Watson,2003-08-15 21:58:42.012205,,,en,9,91,45
267,member_188,2022-02-09,Dustin,Davis,2005-08-14 21:58:42.025938,,,en,10,89,47
268,member_50,2023-06-24,André,Camus,2003-08-15 21:58:42.040309,South Georgia and the South Sandwich Islands,North Kimberlyland,fr,5,24,19
269,member_40,2020-12-27,Peter,Petty,2007-08-14 21:58:42.053553,Venezuela,Lucasport,en,3,79,41
270,member_168,2021-12-31,Sheila,Sanchez,2008-08-13 21:58:42.066538,Algeria,New Michael,en,4,61,16
271,member_85,2020-01-05,Heidi,Hamilton,2010-08-13 21:58:42.079385,American Samoa,South Jane,en,3,30,18
272,member_26,2023-01-20,Kevin,Cox,2003-08-15 21:58:42.092276,Slovakia (Slovak Republic),New Kristenchester,en,8,63,22
273,member_142,2021-10-05,Nicole,Matthews,2009-08-13 21:58:42.105617,Myanmar,Jeremyland,en,4,97,23
274,member_158,2021-05-14,Paulette,Aubry,2009-08-13 21:58:42.118544,Austria,West Jennifershire,fr,4,99,4
275,member_59,2020-09-21,Alexandria,Morvan,2010-08-13 21:58:42.131131,Singapore,Port Jessicaberg,fr,9,43,44
276,member_82,2022-10-20,Nicholas,Holmes,2015-08-12 21:58:42.144452,Libyan Arab Jamahiriya,Port Teresafurt,en,1,34,19
277,member_119,2021-07-08,Alice,Henry,2012-08-12 21:58:42.157499,Gabon,Duffyfurt,fr,1,18,4
278,member_108,2021-04-16,Matthieu,Payet,2008-08-13 21:58:42.170295,Tokelau,Bellfurt,fr,4,98,13
279,member_143,2022-08-08,Monique,Dupont,2008-08-13 21:58:42.183165,Guinea,Hugheschester,fr,8,73,22
280,member_20,2020-07-17,Melinda,Moore,2012-08-12 21:58:42.196012,Guinea,Melissafort,en,1,33,36
281,member_131,2022-05-02,Kristine,Golden,2008-08-13 21:58:42.209583,,,en,9,47,25
282,member_30,2020-08-10,Kaitlin,Deleon,2007-08-14 21:58:42.222514,Liberia,North Jacob,en,8,15,34
283,member_60,2020-08-22,Adam,Baldwin,2010-08-13 21:58:42.235572,,,en,5,73,27
284,member_106,2020-03-07,Pamela,Salas,2014-08-12 21:58:42.248887,Pitcairn Islands,Michelleland,en,2,8,38
285,member_15,2021-02-28,Jason,Wise,2010-08-13 21:58:42.261821,Tajikistan,East Michelle,en,7,93,30
286,member_56,2020-12-27,Jessica,Lyons,2003-08-15 21:58:42.274634,Bouvet Island (Bouvetoya),Danaton,en,7,30,29
287,member_89,2022-03-12,Christophe,Guillaume,2014-08-12 21:58:42.288360,Italy,New Andrewmouth,fr,6,33,43
288,member_161,2021-12-03,Daniel,Matthews,2006-08-14 21:58:42.301176,Hong Kong,Connietown,en,9,24,49
289,member_170,2022-11-29,Tammy,Robinson,2012-08-12 21:58:42.340656,United States Virgin Islands,South Aaron,en,5,29,25
290,member_53,2021-11-24,Erik,Hanson,2014-08-12 21:58:42.354657,Faroe Islands,North Amy,en,9,87,46
291,member_189,2020-05-23,Jennifer,Mullen,2008-08-13 21:58:42.367843,Mexico,Hamiltonhaven,en,3,46,4
292,member_91,2023-08-27,Christopher,Hurst,2012-08-12 21:58:42.380828,Cape Verde,Elizabethburgh,en,9,12,1
293,member_183,2022-09-12,Christopher,Moreno,2012-08-12 21:58:42.393982,Uganda,Port Michael,en,4,34,12
294,member_71,2021-10-15,Marianne,Salmon,2007-08-14 21:58:42.406658,Colombia,East Richard,fr,5,73,40
295,member_112,2022-08-28,Timothy,Gallegos,2005-08-14 21:58:42.421124,China,Robertmouth,en,2,48,2
296,member_10,2020-10-23,Thomas,Dijoux,2004-08-14 21:58:42.435317,El Salvador,Port Stevenhaven,fr,1,70,46
297,member_151,2021-11-07,Carol,Ritter,2015-08-12 21:58:42.448337,,,en,6,79,5
298,member_36,2022-06-01,Rachel,Taylor,2008-08-13 21:58:42.461803,North Macedonia,Bradleyville,en,3,48,4
299,member_6,2020-11-30,Mark,Wilson,2011-08-13 21:58:42.476613,Pakistan,Robinsonchester,en,9,8,13
300,member_172,2023-07-16,Jennifer,Kirby,2010-08-13 21:58:42.489798,Niger,Carterfort,en,3,77,35
301,member_54,2022-07-15,Michael,Chavez,2003-08-15 21:58:42.502593,Aruba,Hallfurt,en,7,35,15
302,member_17,2022-01-26,Gabriel,Julien,2007-08-14 21:58:42.515737,,,fr,3,80,11
303,member_145,2021-11-08,Jason,Clark,2005-08-14 21:58:42.529000,Monaco,Port Andrew,en,1,41,5
304,member_86,2023-07-06,Eric,Brooks,2003-08-15 21:58:42.541839,Uzbekistan,West Elizabeth,en,5,82,18
305,member_163,2021-05-10,Nancy,Marshall,2003-08-15 21:58:42.554613,Azerbaijan,Chaseberg,en,9,88,11
306,member_192,2022-05-24,Jeremy,Buckley,2014-08-12 21:58:42.568162,Uruguay,Port Richard,en,8,3,14
307,member_10,2020-06-14,Victoria,Andrews,2012-08-12 21:58:42.581227,,,en,7,4,43
308,member_87,2020-09-18,Sean,Saunders,2007-08-14 21:58:42.594258,Estonia,Daviesland,en,1,26,21
309,member_144,2021-10-21,Katelyn,Young,2008-08-13 21:58:42.607120,Saint Lucia,North Jason,en,5,45,49
310,member_50,2021-09-13,Dennis,Hernandez,2009-08-13 21:58:42.620326,,,en,9,81,10
311,member_118,2021-11-24,Amanda,Humphrey,2008-08-13 21:58:42.634279,Grenada,East Benjamin,en,2,51,8
312,member_144,2022-11-05,Amber,Clark,2004-08-14 21:58:42.648488,United States Minor Outlying Islands,Port Kathrynmouth,en,9,46,16
313,member_186,2022-10-30,Angelica,Schmidt,2015-08-12 21:58:42.661539,Western Sahara,Lindashire,en,4,64,18
314,member_184,2022-01-23,Michelle,Kerr,2004-08-14 21:58:42.675170,,,en,2,88,2
315,member_160,2022-07-22,Céline,Tessier,2009-08-13 21:58:42.690371,Dominican Republic,North Nicole,fr,8,37,27
316,member_166,2020-03-29,Richard,Robinson,2007-08-14 21:58:42.703485,Belarus,West Alanshire,en,3,40,32
317,member_104,2021-10-14,Marianne,Schmitt,2015-08-12 21:58:42.716306,Namibia,East Derrick,fr,4,41,33
318,member_41,2023-01-03,Stéphane,Blot,2010-08-13 21:58:42.729713,Congo,North Dylanborough,fr,4,54,43
319,member_14,2021-02-08,Tammy,Lawrence,2015-08-12 21:58:42.742837,Sudan,Lake Russell,en,6,67,5
320,member_95,2021-05-16,Marine,Vasseur,2014-08-12 21:58:42.755520,Mongolia,Derrickville,fr,2,3,43
321,member_119,2020-04-22,Michelle,Camus,2010-08-13 21:58:42.768874,Peru,Brookston,fr,4,42,4
322,member_167,2020-12-18,Benjamin,Herrera,2004-08-14 21:58:42.782016,Colombia,Sanchezhaven,en,3,91,48
323,member_26,2023-04-27,Kelly,Taylor,2007-08-14 21:58:42.794946,Kyrgyz Republic,Thompsonton,en,7,16,1
324,member_77,2022-11-18,Nath,Dupont,2010-08-13 21:58:42.807872,Zimbabwe,Lake Lisa,fr,5,55,9
325,member_123,2021-03-27,Jack,Johnson,2006-08-14 21:58:42.820853,Fiji,Saraberg,en,5,63,19
326,member_33,2022-01-08,André,Descamps,2013-08-12 21:58:42.834885,Latvia,Brianchester,fr,1,79,48
327,member_74,2020-11-11,Aaron,Jackson,2009-08-13 21:58:42.847812,Timor-Leste,Port Shannon,en,10,94,8
328,member_159,2023-05-31,Robert,Gordon,2006-08-14 21:58:42.860653,Costa Rica,Lake Nicholas,en,9,61,28
329,member_79,2022-01-06,Barry,Anderson,2007-08-14 21:58:42.874030,Uganda,Port Louis,en,4,69,37
330,member_28,2022-05-14,Tyler,Lawrence,2011-08-13 21:58:42.886993,Belarus,Port Patrick,en,4,38,49
331,member_186,2022-05-16,Lawrence,Romero,2011-08-13 21:58:42.900058,Cook Islands,Estradamouth,en,5,4,24
332,member_31,2022-03-30,Isaac,Jacob,2015-08-12 21:58:42.912848,Solomon Islands,West Francis,fr,4,85,4
333,member_74,2021-10-11,Jessica,Martin,2005-08-14 21:58:42.925664,,,en,1,34,12
334,member_10,2022-08-07,Tina,Cox,2012-08-12 21:58:42.939052,Saint Lucia,Cooperfurt,en,4,58,35
335,member_135,2022-03-29,Benjamin,Petit,2009-08-13 21:58:42.952117,Cuba,Jamesbury,fr,7,76,23
336,member_31,2022-09-06,Julie,Thierry,2013-08-12 21:58:42.965320,Wallis and Futuna,New Judith,fr,4,16,34
337,member_99,2022-11-05,Gerald,Schmitt,2012-08-12 21:58:42.979287,,,en,4,31,28
338,member_111,2022-11-27,Debra,Murphy,2009-08-13 21:58:42.993902,,,en,1,36,4
339,member_57,2021-10-03,Étienne,Delaunay,2006-08-14 21:58:43.007563,India,Brendatown,fr,4,80,11
340,member_105,2021-04-02,Martin,Ruiz,2012-08-12 21:58:43.021913,Bhutan,Port Sheila,en,5,40,47
341,member_49,2022-07-23,Claude,Besnard,2003-08-15 21:58:43.036695,,,fr,1,79,6
342,member_99,2020-12-15,Joséphine,Lemoine,2014-08-12 21:58:43.051126,Vanuatu,Josephfort,fr,5,38,9
343,member_30,2020-01-31,Mary,Kelly,2008-08-13 21:58:43.065392,North Macedonia,Lake James,en,5,25,38
344,member_135,2020-03-14,Christiane,Renault,2005-08-14 21:58:43.079607,Seychelles,Lake Thomas,fr,3,88,5
345,member_167,2020-11-07,Édith,Olivier,2004-08-14 21:58:43.093282,United Kingdom,Fullerberg,fr,4,99,5
346,member_191,2021-12-02,Angela,Wallace,2009-08-13 21:58:43.108108,Nauru,West Jacquelineview,en,7,62,23
347,member_45,2020-05-14,Mathilde,Marchand,2009-08-13 21:58:43.122081,Ireland,Ashleytown,fr,7,35,32
348,member_120,2020-04-18,Jose,Walker,2003-08-15 21:58:43.136167,Mayotte,Melissafort,en,10,43,20
349,member_79,2021-01-28,Jaclyn,Jackson,2013-08-12 21:58:43.150730,Croatia,Marystad,en,4,95,36
350,member_143,2021-09-02,Javier,Jackson,2004-08-14 21:58:43.164683,Anguilla,Ashleyview,en,7,33,33
351,member_104,2023-08-07,Nicholas,Larson,2014-08-12 21:58:43.178486,Czech Republic,Mendezchester,en,4,90,21
352,member_142,2023-07-27,Maggie,Rey,2003-08-15 21:58:43.192130,Chad,Johnsonview,fr,8,25,25
353,member_35,2021-06-17,Megan,Campos,2005-08-14 21:58:43.205475,,,en,6,21,3
354,member_22,2020-11-16,Jennifer,Smith,2012-08-12 21:58:43.218706,Spain,South Sara,en,7,3,46
355,member_119,2022-07-12,Timothy,Hall,2012-08-12 21:58:43.231786,Iran,Johnsontown,en,4,97,30
356,member_165,2022-04-22,Robert,Vargas,2006-08-14 21:58:43.244832,Solomon Islands,Rivaston,en,5,87,18
357,member_173,2021-03-20,Alexis,Maynard,2010-08-13 21:58:43.258311,Cook Islands,Yatesfort,en,7,85,1
358,member_126,2020-06-17,Lauren,Jones,2006-08-14 21:58:43.271129,Estonia,Andrewbury,en,9,9,14
359,member_98,2022-05-13,Alejandro,Anderson,2015-08-12 21:58:43.283954,Saint Lucia,Alexanderville,en,5,3,1
360,member_124,2022-08-14,Jennifer,Marshall,2004-08-14 21:58:43.297876,Lao People's Democratic Republic,North Timothyburgh,en,3,76,8
361,member_16,2020-10-04,Cynthia,Simmons,2005-08-14 21:58:43.312458,Zimbabwe,Port Jennifer,en,1,99,24
362,member_75,2020-11-10,Amber,Hughes,2012-08-12 21:58:43.325596,Puerto Rico,Martineztown,en,3,27,5
363,member_18,2021-05-16,Nicolas,Poirier,2007-08-14 21:58:43.338464,Belize,South Mario,fr,1,15,43
364,member_122,2022-04-11,Eric,Williams,2007-08-14 21:58:43.352134,Hungary,Brucestad,en,8,18,4
365,member_121,2023-07-31,Pamela,Cummings,2004-08-14 21:58:43.365302,Honduras,North Jennifermouth,en,8,42,34
366,member_29,2022-04-08,Laure,Pierre,2009-08-13 21:58:43.378579,Canada,Mariahstad,fr,2,95,19
367,member_58,2022-09-22,Bernard,Lemoine,2003-08-15 21:58:43.392724,Norfolk Island,West Ryan,fr,4,63,19
368,member_4,2022-08-06,Tony,Burke,2011-08-13 21:58:43.406416,Niger,Lake Joshua,en,7,1,6
369,member_34,2022-09-24,Juliette,Courtois,2012-08-12 21:58:43.420674,Cameroon,New Rhonda,fr,1,81,18
370,member_190,2022-10-24,Ryan,Carpenter,2013-08-12 21:58:43.433534,Sierra Leone,East Bonnie,en,3,24,38
371,member_186,2020-06-30,Nath,Pinto,2012-08-12 21:58:43.446380,Belgium,Walkermouth,fr,1,30,33
372,member_148,2021-12-30,Leslie,Mckenzie,2005-08-14 21:58:43.459912,Anguilla,Josephstad,en,7,98,11
373,member_134,2022-11-24,Theodore,Hall,2003-08-15 21:58:43.472855,Antigua and Barbuda,Kimberlychester,en,8,11,16
374,member_141,2020-03-12,Dana,Rodriguez,2013-08-12 21:58:43.485910,Philippines,West Robertshire,en,6,22,42
375,member_119,2022-03-05,Christopher,Jackson,2012-08-12 21:58:43.499351,Ukraine,Joneston,en,9,73,10
376,member_148,2021-08-24,Lucy,Petitjean,2004-08-14 21:58:43.512356,Martinique,Jamesside,fr,4,30,50
377,member_19,2022-02-24,Diana,Nelson,2007-08-14 21:58:43.525326,Finland,East Jonathan,en,1,40,6
378,member_113,2020-07-06,Lindsay,White,2005-08-14 21:58:43.538051,Cape Verde,Lake Jimmy,en,3,43,12
379,member_59,2021-02-16,William,Chan,2003-08-15 21:58:43.550981,,,en,1,25,46
380,member_190,2020-10-09,David,Roberts,2005-08-14 21:58:43.564505,Vanuatu,East Tara,en,6,62,25
381,member_65,2021-08-08,Luce,Renaud,2003-08-15 21:58:43.577643,Libyan Arab Jamahiriya,Erichaven,fr,4,66,30
382,member_97,2020-11-28,Patrick,Cummings,2009-08-13 21:58:43.590616,Saint Kitts and Nevis,Ianville,en,3,4,14
383,member_16,2022-05-27,Damon,Rojas,2015-08-12 21:58:43.603997,,,en,6,23,36
384,member_0,2022-09-21,Stephen,Grant,2009-08-13 21:58:43.617152,,,en,6,77,15
385,member_103,2022-11-01,Joy,Perez,2015-08-12 21:58:43.630016,Suriname,Lindsaychester,en,5,33,22
386,member_134,2023-01-08,Daryl,Martinez,2014-08-12 21:58:43.642966,Tanzania,Micheleton,en,6,13,20
387,member_128,2021-09-03,Earl,Welch,2015-08-12 21:58:43.655766,Dominica,Lake Lorraine,en,7,22,16
388,member_172,2021-07-16,Lucy,Gillet,2009-08-13 21:58:43.669386,Gambia,Wesleymouth,fr,8,43,27
389,member_115,2021-09-10,Susan,Bertin,2008-08-13 21:58:43.682599,Uruguay,Port Calebchester,fr,9,48,26
390,member_12,2020-07-25,Derek,Sanders,2013-08-12 21:58:43.695528,Italy,Garciaberg,en,5,20,2
391,member_141,2022-12-07,Shelly,Rogers,2005-08-14 21:58:43.709074,India,Stevenport,en,8,58,37
392,member_0,2022-05-08,Madison,Davis,2010-08-13 21:58:43.722026,Peru,Johnsonport,en,1,20,23
393,member_39,2022-08-27,Catherine,Osborn,2006-08-14 21:58:43.736341,Vanuatu,Lake Mariah,en,3,35,24
394,member_169,2020-12-13,Nath,Allain,2007-08-14 21:58:43.749659,Seychelles,Lake Lindseystad,fr,7,81,14
395,member_125,2023-05-29,Jonathan,Parrish,2003-08-15 21:58:43.762941,Costa Rica,Irwinfurt,en,1,12,37
396,member_44,2021-06-05,Bryan,Rodriguez,2006-08-14 21:58:43.776597,Gibraltar,East Jerry,en,7,53,25
397,member_92,2021-06-03,Michael,Erickson,2003-08-15 21:58:43.789791,,,en,7,69,24
398,member_141,2022-03-22,Charles,Taylor,2007-08-14 21:58:43.802696,Eritrea,Allenborough,en,5,21,20
399,member_112,2021-06-07,Sabine,Monnier,2014-08-12 21:58:43.816309,Philippines,New Martin,fr,3,8,30
400,member_95,2020-08-05,Laurent,Morvan,2013-08-12 21:58:43.829477,,,fr,6,13,28
401,member_92,2022-06-13,Samuel,Henry,2006-08-14 21:58:43.842452,Turkey,Calebborough,en,8,79,46
402,member_118,2020-05-07,Aaron,Ruiz,2003-08-15 21:58:43.855374,North Macedonia,Contrerasburgh,en,10,11,5
403,member_20,2020-07-07,Michael,Richardson,2008-08-13 21:58:43.868445,,,en,7,36,27
404,member_192,2020-11-06,Laetitia,Lamy,2013-08-12 21:58:43.882127,Sudan,Michaelshire,fr,10,26,27
405,member_6,2021-03-15,Pauline,Alves,2015-08-12 21:58:43.894993,Cuba,Nelsonborough,fr,8,27,18
406,member_153,2023-05-06,Olivie,Thierry,2011-08-13 21:58:43.907783,Peru,North Michael,fr,6,66,28
407,member_154,2020-04-30,Michelle,Marsh,2009-08-13 21:58:43.921316,Albania,Lake Thomas,en,7,77,37
408,member_7,2021-08-12,Maureen,Davis,2015-08-12 21:58:43.934244,Timor-Leste,Port Julie,en,8,87,39
409,member_17,2022-05-29,Valentine,Chartier,2006-08-14 21:58:43.946828,Wallis and Futuna,Melissashire,fr,9,87,41
410,member_92,2020-03-05,Timothy,Palmer,2009-08-13 21:58:43.959690,Saint Vincent and the Grenadines,Holtburgh,en,8,71,29
411,member_171,2020-06-09,Christian,Roberts,2008-08-13 21:58:43.972575,,,en,10,60,27
412,member_89,2021-08-05,Thomas,Sullivan,2013-08-12 21:58:43.986768,Micronesia,East Jeffrey,en,7,21,5
413,member_39,2020-12-12,Andrea,Allen,2012-08-12 21:58:44.001355,Uzbekistan,South Brandonbury,en,8,42,44
414,member_169,2020-02-18,Joseph,Anderson,2003-08-15 21:58:44.014204,San Marino,East Vanessa,en,5,41,7
415,member_136,2023-07-13,Mark,Espinoza,2010-08-13 21:58:44.028021,,,en,6,88,11
416,member_162,2021-09-02,Kenneth,Silva,2004-08-14 21:58:44.042433,Korea,East Lisaberg,en,3,72,21
417,member_167,2021-11-05,Antoinette,Barre,2008-08-13 21:58:44.055195,Papua New Guinea,Lake Nicoleport,fr,4,14,16
418,member_77,2021-08-01,Véronique,Reynaud,2015-08-12 21:58:44.068005,Grenada,Averyfort,fr,2,2,37
419,member_56,2022-03-14,Jessica,Peters,2013-08-12 21:58:44.082266,Saint Helena,Perezborough,en,9,29,34
420,member_9,2023-03-04,Bernard,Dupuy,2006-08-14 21:58:44.095280,Guinea,West Kevinshire,fr,9,56,24
421,member_46,2022-12-03,Christine,Blackwell,2003-08-15 21:58:44.108164,Belize,South Julie,en,5,18,37
422,member_152,2020-06-30,Suzanne,Perrin,2010-08-13 21:58:44.121113,Turkey,Lake Karen,fr,9,78,5
423,member_161,2020-01-16,Raymond,Nelson,2012-08-12 21:58:44.135546,Dominica,East Kellyfurt,en,4,6,38
424,member_67,2020-10-30,Rachel,Garcia,2010-08-13 21:58:44.149367,Namibia,Georgehaven,en,5,34,43
425,member_134,2021-03-30,Adélaïde,Loiseau,2008-08-13 21:58:44.162810,Angola,Sabrinatown,fr,7,61,18
426,member_168,2022-11-26,Alix,Delannoy,2015-08-12 21:58:44.176091,Italy,Masonborough,fr,6,33,36
427,member_84,2020-05-05,Isabelle,Lemoine,2008-08-13 21:58:44.191215,Bouvet Island (Bouvetoya),Connormouth,fr,2,55,49
428,member_0,2021-09-13,Noël,Blanchet,2011-08-13 21:58:44.205154,Suriname,Jessicafurt,fr,9,74,29
429,member_8,2022-08-29,Jimmy,Rodriguez,2005-08-14 21:58:44.219430,Malaysia,Karenmouth,en,9,19,50
430,member_14,2020-03-26,Daniel,Branch,2010-08-13 21:58:44.233883,French Polynesia,Port Jeanbury,en,10,5,41
431,member_171,2023-05-06,Émilie,Lemonnier,2009-08-13 21:58:44.247426,,,fr,10,28,45
432,member_41,2020-08-07,Jennifer,Donovan,2012-08-12 21:58:44.261425,Greece,North Stefanie,en,2,26,17
433,member_12,2021-02-06,Nicholas,Peterson,2014-08-12 21:58:44.275022,Tuvalu,New Daltonmouth,en,1,76,38
434,member_184,2023-03-08,Timothy,Jackson,2013-08-12 21:58:44.288774,,,en,3,15,43
435,member_42,2021-02-13,Jimmy,Brown,2011-08-13 21:58:44.303309,Cape Verde,South Melindaside,en,8,14,3
436,member_10,2020-05-07,Phillip,Greene,2013-08-12 21:58:44.317834,United Arab Emirates,Davidstad,en,3,37,20
437,member_53,2023-08-12,Sherry,Stokes,2010-08-13 21:58:44.331939,India,West Stephaniebury,en,7,83,7
438,member_191,2021-01-03,Nicole,Camacho,2004-08-14 21:58:44.345891,Burkina Faso,Port Victoria,en,3,86,32
439,member_65,2020-12-10,André,Toussaint,2012-08-12 21:58:44.359436,,,fr,5,38,46
440,member_47,2021-04-08,Christopher,Jackson,2009-08-13 21:58:44.373392,Mauritania,Lake Heather,en,10,7,31
441,member_185,2020-08-13,Monica,Maxwell,2005-08-14 21:58:44.387297,Niger,North Derrick,en,4,99,49
442,member_156,2021-03-17,Jacob,Thomas,2010-08-13 21:58:44.401401,Bangladesh,Murrayfurt,en,8,6,29
443,member_50,2023-05-21,Jean,Léger,2005-08-14 21:58:44.415110,Slovenia,Port Jacob,fr,7,81,7
444,member_141,2022-02-17,Jenna,Mosley,2013-08-12 21:58:44.428506,Ghana,Castilloview,en,4,43,40
445,member_57,2021-07-11,Nicole,Chen,2014-08-12 21:58:44.443212,Swaziland,Mackmouth,en,9,81,26
446,member_169,2022-12-18,Marthe,Boulay,2009-08-13 21:58:44.456303,,,fr,4,13,7
447,member_68,2020-10-11,Rebecca,Stevens,2003-08-15 21:58:44.469538,Malta,North James,en,3,97,50
448,member_82,2021-07-18,Noah,Palmer,2010-08-13 21:58:44.482482,Northern Mariana Islands,Goldenport,en,3,65,41
449,member_145,2021-10-03,Lisa,Watkins,2006-08-14 21:58:44.495622,United States Minor Outlying Islands,Gibsonport,en,9,89,20
450,member_102,2022-04-01,Debra,Stephenson,2005-08-14 21:58:44.509326,Bosnia and Herzegovina,West Louis,en,6,62,39
451,member_93,2023-03-01,Carly,Palmer,2005-08-14 21:58:44.522565,Mongolia,Valentinemouth,en,6,54,7
452,member_181,2020-02-01,Jules,Jean,2011-08-13 21:58:44.536211,Maldives,Port Brandyshire,fr,2,96,9
453,member_193,2021-10-08,Andrea,Nelson,2012-08-12 21:58:44.550002,Belarus,South Chrisburgh,en,6,12,32
454,member_170,2023-08-07,Stephanie,Harris,2008-08-13 21:58:44.564269,Guam,Port Connorstad,en,6,17,36
455,member_84,2022-10-23,Jennifer,Dorsey,2008-08-13 21:58:44.578947,Northern Mariana Islands,New Richardfurt,en,1,22,47
456,member_118,2020-12-24,Stephen,Torres,2012-08-12 21:58:44.592047,New Caledonia,New Kelly,en,10,72,18
457,member_134,2021-02-12,Jo,Hamilton,2005-08-14 21:58:44.605400,Heard Island and McDonald Islands,North Kathrynmouth,en,1,11,26
458,member_158,2021-10-18,Sophie,Colin,2008-08-13 21:58:44.618590,Iceland,North Bridget,fr,8,19,17
459,member_73,2021-05-25,Shawn,Russo,2006-08-14 21:58:44.631478,Paraguay,Williamport,en,10,22,21
460,member_155,2021-03-26,Diane,Blair,2014-08-12 21:58:44.644741,Martinique,Williamstown,en,6,49,44
461,member_95,2020-02-03,Cynthia,Weaver,2011-08-13 21:58:44.658624,Jersey,Amybury,en,9,91,20
462,member_78,2023-06-13,Gregory,Campbell,2003-08-15 21:58:44.672708,Cambodia,Lake Daniel,en,3,81,22
463,member_94,2021-02-07,Nicole,Smith,2011-08-13 21:58:44.687669,Oman,Frenchmouth,en,10,63,10
464,member_52,2022-02-23,Astrid,Coste,2014-08-12 21:58:44.701875,Honduras,Greenbury,fr,5,26,7
465,member_21,2020-06-08,Sébastien,Dumas,2007-08-14 21:58:44.715942,Bulgaria,Matthewtown,fr,10,62,43
466,member_178,2022-04-27,Christy,Williams,2008-08-13 21:58:44.729513,Taiwan,North Christopher,en,10,6,27
467,member_7,2021-06-02,Frank,Cole,2004-08-14 21:58:44.742766,Congo,Samanthatown,en,10,8,38
468,member_141,2020-11-07,Maggie,Rocher,2005-08-14 21:58:44.757209,,,fr,10,52,23
469,member_77,2023-07-24,Scott,Price,2004-08-14 21:58:44.771679,Myanmar,Banksmouth,en,7,27,24
470,member_110,2022-02-20,Agnès,Royer,2013-08-12 21:58:44.784651,,,fr,3,15,8
471,member_181,2021-07-03,Steven,Pratt,2013-08-12 21:58:44.798936,Zambia,Chanland,en,5,62,19
472,member_191,2022-02-02,Aimé,Guilbert,2003-08-15 21:58:44.812379,Canada,New Donaldbury,fr,3,49,19
473,member_68,2020-11-22,Edward,Gregory,2008-08-13 21:58:44.825626,Japan,Lake John,en,8,50,31
474,member_53,2020-08-10,April,Cooley,2011-08-13 21:58:44.838478,Guatemala,Port Matthewside,en,10,35,21
475,member_50,2020-06-21,Christophe,Humbert,2009-08-13 21:58:44.851309,Montserrat,North Kristinefort,fr,1,17,41
476,member_137,2020-12-03,Darlene,Parsons,2013-08-12 21:58:44.865247,Palau,New Christophermouth,en,6,67,50
477,member_70,2021-03-22,Guillaume,Fouquet,2011-08-13 21:58:44.878698,Hong Kong,Lake Amber,fr,7,20,12
478,member_86,2021-05-07,Richard,Kaufman,2015-08-12 21:58:44.891659,Puerto Rico,North Robert,en,4,16,9
479,member_15,2020-07-03,Katherine,Smith,2007-08-14 21:58:44.904597,Guam,North Danielfurt,en,6,88,13
480,member_64,2021-01-23,Aimée,Nicolas,2005-08-14 21:58:44.918247,Madagascar,New Michael,fr,4,6,3
481,member_24,2022-03-05,Amy,Hernandez,2012-08-12 21:58:44.932859,British Virgin Islands,New Sheilaborough,en,9,32,22
482,member_151,2020-05-27,Jamie,Rodriguez,2010-08-13 21:58:44.946136,Guam,Schneiderburgh,en,6,91,3
483,member_75,2020-04-12,Rachel,Cameron,2014-08-12 21:58:44.959269,Puerto Rico,North Laura,en,2,2,2
484,member_5,2022-11-05,Glenn,Becker,2005-08-14 21:58:44.972525,United States of America,Gibsonberg,en,8,86,6
485,member_120,2020-04-01,Antoine,Vasseur,2009-08-13 21:58:44.985470,Namibia,South Susanville,fr,3,53,8
486,member_109,2023-03-16,Alexandre,Berger,2009-08-13 21:58:44.998313,Congo,Glovershire,fr,1,85,6
487,member_65,2020-01-15,Nicole,Leclerc,2015-08-12 21:58:45.011243,San Marino,Port Justinchester,fr,1,21,24
488,member_44,2023-01-06,Olivier,Gauthier,2004-08-14 21:58:45.024755,,,fr,5,67,44
489,member_77,2020-02-26,Cécile,Dupuis,2012-08-12 21:58:45.037597,Cambodia,Matthewstad,fr,2,10,37
490,member_93,2020-09-11,Julien,Chauvin,2013-08-12 21:58:45.050623,Saint Pierre and Miquelon,West Markbury,fr,10,79,36
491,member_72,2022-05-10,Alex,Gillet,2004-08-14 21:58:45.063929,Morocco,Port Dustin,fr,9,25,34
492,member_108,2021-09-22,Susanne,Girard,2004-08-14 21:58:45.076931,Reunion,Gomezhaven,fr,10,58,35
493,member_103,2020-03-09,Joseph,King,2014-08-12 21:58:45.089629,Libyan Arab Jamahiriya,North Alexander,en,2,31,38
494,member_84,2020-04-30,Laurie,Holder,2005-08-14 21:58:45.102590,Somalia,Kellymouth,en,1,26,1
495,member_115,2020-02-20,Jérôme,Garcia,2010-08-13 21:58:45.115236,Slovakia (Slovak Republic),Port Geraldton,fr,4,43,16
496,member_50,2021-05-12,Guillaume,Chauvin,2011-08-13 21:58:45.129110,Suriname,Port Samuelfort,fr,4,99,37
497,member_64,2021-08-20,Bonnie,Dalton,2006-08-14 21:58:45.143599,British Virgin Islands,Lake Brandonville,en,10,93,2
498,member_117,2020-01-10,Véronique,Renaud,2006-08-14 21:58:45.156331,Indonesia,Reedland,fr,10,38,27
499,member_60,2021-11-03,Elaine,Salas,2015-08-12 21:58:45.169807,Latvia,Estradaview,en,9,65,20
500,member_58,2021-06-01,Steven,Phillips,2014-08-12 21:58:45.183858,,,en,9,36,16
501,member_33,2020-02-21,David,Vargas,2006-08-14 21:58:45.197739,Somalia,East Oscar,en,2,68,6
502,member_124,2021-05-06,Stephanie,Prince,2011-08-13 21:58:45.210820,,,en,2,14,15
503,member_47,2021-10-28,Alexander,Mclean,2010-08-13 21:58:45.224000,Panama,Darrentown,en,3,15,2
504,member_172,2022-07-29,Matthew,Johnson,2005-08-14 21:58:45.237810,Guinea-Bissau,Lisabury,en,7,1,17
505,member_37,2021-04-07,Nathan,Allen,2008-08-13 21:58:45.252202,Liechtenstein,Hayesfort,en,1,50,41
506,member_72,2022-12-25,Augustin,Bouvier,2014-08-12 21:58:45.264903,Israel,Jessicaville,fr,2,99,17
507,member_102,2023-01-11,Jeannine,Rodriguez,2007-08-14 21:58:45.278604,Romania,Johnsonshire,fr,1,72,1
508,member_165,2020-10-19,Philippe,Lefebvre,2003-08-15 21:58:45.291519,,,fr,9,82,25
509,member_4,2020-08-29,Pauline,Michaud,2008-08-13 21:58:45.304228,,,fr,8,52,43
510,member_27,2020-06-16,John,Wagner,2003-08-15 21:58:45.317197,Sudan,Michaelmouth,en,3,69,41
511,member_75,2023-07-27,Michelle,Marques,2012-08-12 21:58:45.330553,Niger,Port Christian,fr,8,82,10
512,member_44,2022-01-02,Bernard,Marty,2008-08-13 21:58:45.343744,Canada,Kramerhaven,fr,1,61,42
513,member_63,2022-01-25,Adélaïde,Millet,2009-08-13 21:58:45.356465,,,fr,10,66,26
514,member_158,2020-09-14,Aurélie,Hoarau,2006-08-14 21:58:45.369431,Marshall Islands,Lake Sara,fr,1,53,25
515,member_165,2022-07-03,Samuel,Myers,2011-08-13 21:58:45.382999,American Samoa,West Molly,en,2,22,16
516,member_146,2023-07-02,Steven,Nelson,2005-08-14 21:58:45.397652,French Guiana,Shannonbury,en,6,74,35
517,member_104,2022-06-09,Deborah,Mcdonald,2011-08-13 21:58:45.410746,Eritrea,North Davidstad,en,3,4,7
518,member_89,2022-08-21,Kerri,Robinson,2005-08-14 21:58:45.423549,Sri Lanka,Sanfordbury,en,4,42,49
519,member_174,2022-10-23,Kristy,Lee,2005-08-14 21:58:45.437045,Papua New Guinea,Lake Stephanieside,en,7,30,3
520,member_5,2020-07-10,Melissa,Hunter,2004-08-14 21:58:45.450039,Seychelles,Davisfurt,en,2,44,43
521,member_175,2020-09-17,Isabelle,Grenier,2015-08-12 21:58:45.462793,Yemen,Bairdville,fr,5,55,7
522,member_162,2023-05-07,Ruth,Elliott,2003-08-15 21:58:45.475605,Pakistan,West Leeview,en,5,51,33
523,member_31,2022-07-27,Jonathon,Baldwin,2003-08-15 21:58:45.490078,Thailand,Port Roberto,en,3,98,33
524,member_30,2021-02-16,Michael,Stout,2005-08-14 21:58:45.503112,,,en,10,37,8
525,member_118,2021-04-10,Juan,Gamble,2013-08-12 21:58:45.516075,Cote d'Ivoire,Brownchester,en,10,99,50
526,member_35,2021-12-28,Joséphine,Schneider,2012-08-12 21:58:45.528829,,,fr,9,74,10
527,member_36,2020-03-05,Robert,Colin,2010-08-13 21:58:45.542349,Wallis and Futuna,South Michael,fr,6,24,31
528,member_5,2022-03-25,Élise,Guichard,2005-08-14 21:58:45.555073,Northern Mariana Islands,Bensonfurt,fr,7,28,38
529,member_60,2022-03-18,Tabitha,Velasquez,2012-08-12 21:58:45.568140,Svalbard & Jan Mayen Islands,West Ambertown,en,9,30,22
530,member_24,2021-05-03,Laura,Perry,2013-08-12 21:58:45.581108,Burundi,Villaview,en,10,89,30
531,member_119,2023-01-21,Anita,Tate,2004-08-14 21:58:45.594359,Palestinian Territory,Davidchester,en,7,48,14
532,member_188,2022-07-27,Nathalie,Mercier,2004-08-14 21:58:45.607110,,,fr,9,67,35
533,member_34,2021-05-12,Brenda,Fox,2006-08-14 21:58:45.620964,Saint Barthelemy,Romerofort,en,5,34,18
534,member_107,2020-08-18,Brooke,Wright,2009-08-13 21:58:45.633764,Botswana,Thomaston,en,4,30,3
535,member_59,2021-11-01,Élise,Julien,2010-08-13 21:58:45.647127,Kiribati,Patrickchester,fr,4,2,44
536,member_19,2020-05-28,Hortense,Faure,2004-08-14 21:58:45.660185,Yemen,Ryanchester,fr,7,80,34
537,member_95,2022-05-28,John,Reeves,2003-08-15 21:58:45.673004,,,en,6,73,4
538,member_47,2021-02-08,Sophie,David,2013-08-12 21:58:45.686268,Wallis and Futuna,Allenmouth,fr,5,80,1
539,member_53,2022-10-24,Caroline,Joseph,2007-08-14 21:58:45.699487,El Salvador,Lake Shawnmouth,fr,3,92,45
540,member_70,2021-05-05,Hugues,Parent,2008-08-13 21:58:45.712247,Samoa,North Michael,fr,6,60,46
541,member_83,2022-11-03,Philippine,Alves,2008-08-13 21:58:45.725178,,,fr,6,78,3
542,member_150,2020-02-19,Jennifer,Gamble,2010-08-13 21:58:45.737954,,,en,9,80,43
543,member_131,2021-12-05,Anne,Besson,2014-08-12 21:58:45.751363,Nigeria,South Nicholasmouth,fr,3,81,44
544,member_131,2020-01-16,Elizabeth,Turner,2004-08-14 21:58:45.764285,,,en,7,32,19
545,member_69,2020-03-29,Marisa,Grant,2003-08-15 21:58:45.777332,Nepal,Brittneyview,en,5,80,4
546,member_180,2020-04-05,Lisa,Brown,2008-08-13 21:58:45.790287,Thailand,Lake Ashleyfort,en,6,20,1
547,member_29,2021-02-15,Crystal,Dennis,2015-08-12 21:58:45.804288,Egypt,Mcmahonbury,en,9,39,41
548,member_104,2020-06-12,Robert,Lucas,2004-08-14 21:58:45.819443,Spain,Jenningsstad,fr,7,100,1
549,member_129,2021-10-07,William,Henry,2011-08-13 21:58:45.833269,Algeria,Ramoston,fr,5,84,14
550,member_46,2020-07-01,Beth,Berger,2003-08-15 21:58:45.847221,Nepal,Frenchfurt,en,1,22,26
551,member_67,2021-09-12,Corey,Rogers,2010-08-13 21:58:45.862221,American Samoa,New Kevinbury,en,8,22,32
552,member_52,2023-07-23,Anna,Figueroa,2007-08-14 21:58:45.876921,Saint Pierre and Miquelon,Oliverton,en,8,80,27
553,member_124,2022-01-22,Shannon,Stone,2015-08-12 21:58:45.891385,Montenegro,New Claireland,en,10,1,33
554,member_118,2023-06-13,Alex,Da Silva,2015-08-12 21:58:45.905599,Turks and Caicos Islands,Port Logan,fr,6,9,20
555,member_97,2020-07-30,Evelyn,Martinez,2013-08-12 21:58:45.919474,Madagascar,Gregoryburgh,en,4,8,14
556,member_33,2020-08-10,David,Wagner,2014-08-12 21:58:45.932933,Finland,West Stephenmouth,en,3,68,4
557,member_85,2021-12-15,Angela,Wilson,2014-08-12 21:58:45.946037,Myanmar,Fraziertown,en,7,39,15
558,member_101,2021-07-17,Maggie,Dias,2005-08-14 21:58:45.959800,Uruguay,Lake Hayden,fr,6,70,18
559,member_67,2022-04-21,Michael,Wilson,2011-08-13 21:58:45.973460,New Zealand,Johnsonchester,en,1,53,33
560,member_47,2021-05-29,Ashley,Reese,2006-08-14 21:58:45.988013,Spain,Williamtown,en,1,40,24
561,member_52,2022-11-25,Suzanne,Mahe,2012-08-12 21:58:46.002251,Luxembourg,West Karen,fr,5,99,43
562,member_107,2020-10-10,Anita,Bennett,2005-08-14 21:58:46.015857,India,Kennethbury,en,6,93,37
563,member_76,2023-01-04,Célina,Mercier,2005-08-14 21:58:46.030231,Switzerland,Jessicaport,fr,5,64,46
564,member_141,2021-10-31,Alexandria,Martin,2014-08-12 21:58:46.043858,,,fr,2,73,19
565,member_140,2021-05-31,Mathew,Jones,2009-08-13 21:58:46.058313,Bolivia,North Thomas,en,8,59,40
566,member_13,2023-07-27,Charles,Martinez,2011-08-13 21:58:46.072297,Croatia,East Terri,en,8,10,26
567,member_96,2022-11-10,Daniel,Blin,2010-08-13 21:58:46.086702,Saint Vincent and the Grenadines,Port Kellymouth,fr,7,2,35
568,member_96,2020-01-16,Blake,Williams,2005-08-14 21:58:46.100248,Paraguay,Lake Hannah,en,3,31,42
569,member_115,2021-06-30,Andrée,Gilles,2010-08-13 21:58:46.113858,Russian Federation,Port Johnfurt,fr,2,89,3
570,member_53,2023-04-22,Matthew,Wolfe,2006-08-14 21:58:46.127106,Guatemala,North Thomasburgh,en,10,26,10
571,member_25,2020-07-16,Christine,Jones,2010-08-13 21:58:46.139854,Bahrain,Port Gabrielle,en,1,50,43
572,member_178,2020-11-27,Raymond,Castillo,2010-08-13 21:58:46.152781,India,Cabreraside,en,9,5,35
573,member_62,2021-03-08,Zoé,Vidal,2008-08-13 21:58:46.166523,Vietnam,Lake Cindy,fr,1,46,12
574,member_69,2020-10-08,Élisabeth,Le Goff,2013-08-12 21:58:46.180390,Ethiopia,Nicolefort,fr,9,17,18
575,member_53,2022-05-18,Jennifer,Johnson,2008-08-13 21:58:46.193426,Colombia,Paulstad,en,5,59,25
576,member_122,2023-07-07,Michael,Figueroa,2003-08-15 21:58:46.206279,Georgia,Jonathanberg,en,2,21,42
577,member_24,2022-06-20,Amy,Allen,2006-08-14 21:58:46.220205,Suriname,North Tamaratown,en,10,3,6
578,member_143,2021-06-06,Xavier,Lopez,2008-08-13 21:58:46.234541,Ireland,New Brittney,fr,7,4,13
579,member_169,2022-06-30,Mathilde,Couturier,2008-08-13 21:58:46.247369,,,fr,1,72,4
580,member_143,2022-09-20,Maryse,Morel,2010-08-13 21:58:46.260303,Bhutan,Port Marie,fr,8,15,4
581,member_28,2022-03-19,Aimé,Poulain,2010-08-13 21:58:46.273565,Myanmar,West Scott,fr,7,75,33
582,member_192,2022-03-13,Gerald,Nelson,2007-08-14 21:58:46.286554,Micronesia,Austinshire,en,4,71,19
583,member_4,2021-07-06,Janet,Mccoy,2015-08-12 21:58:46.299303,,,en,2,88,41
584,member_9,2020-10-30,Sébastien,Philippe,2008-08-13 21:58:46.311996,Argentina,Rochaland,fr,4,61,48
585,member_38,2023-02-03,Mary,Colon,2010-08-13 21:58:46.326047,French Polynesia,Hughesmouth,en,8,4,3
586,member_169,2022-07-14,Marissa,Smith,2011-08-13 21:58:46.339182,Tuvalu,Kristymouth,en,3,83,13
587,member_135,2022-03-07,Anthony,Mason,2006-08-14 21:58:46.352306,Ireland,Nathanland,en,7,42,24
588,member_181,2023-05-14,Andrew,Martinez,2011-08-13 21:58:46.365190,Bosnia and Herzegovina,Port Timothy,en,5,58,24
589,member_26,2022-04-26,Monique,Legros,2006-08-14 21:58:46.378860,Romania,East Michaelburgh,fr,5,80,22
590,member_113,2021-09-29,Robert,Vincent,2014-08-12 21:58:46.392022,Hong Kong,West Mary,en,9,45,25
591,member_73,2022-03-20,Sharon,Richardson,2015-08-12 21:58:46.404913,British Virgin Islands,Lake Nathan,en,2,61,27
592,member_88,2021-12-25,Ellen,Hall,2012-08-12 21:58:46.418574,Palau,Christinamouth,en,5,91,7
593,member_151,2020-11-23,Brent,Wyatt,2003-08-15 21:58:46.432712,Panama,Carlyfurt,en,8,23,14
594,member_177,2020-03-17,Adam,Underwood,2011-08-13 21:58:46.446718,Canada,North Jonathan,en,6,36,39
595,member_103,2022-10-17,Michelle,Johnson,2005-08-14 21:58:46.459668,Andorra,New Lindsay,en,2,76,32
596,member_112,2021-12-21,Alfred,Durand,2008-08-13 21:58:46.472942,Tuvalu,New Randyville,fr,3,65,15
597,member_103,2022-04-17,Antoine,Bourdon,2003-08-15 21:58:46.487961,Nauru,East Stacey,fr,5,97,25
598,member_64,2021-09-06,Julie,Hinton,2015-08-12 21:58:46.501117,,,en,4,37,18
599,member_167,2022-09-30,Anaïs,Delaunay,2013-08-12 21:58:46.513791,,,fr,5,10,46
600,member_115,2022-06-16,Claudine,Aubert,2005-08-14 21:58:46.528154,Kuwait,West Christopher,fr,2,23,10
601,member_134,2020-05-30,Geneviève,Diallo,2015-08-12 21:58:46.540998,Philippines,Joelchester,fr,9,23,30
602,member_146,2020-06-06,Leon,Parker,2005-08-14 21:58:46.553856,Iran,Dillonchester,en,6,77,31
603,member_172,2023-03-31,Emmanuel,Arnaud,2003-08-15 21:58:46.566562,Bangladesh,New Christinaberg,fr,4,49,39
604,member_134,2020-06-12,Laetitia,Joly,2015-08-12 21:58:46.579797,Zimbabwe,Glennton,fr,10,51,35
605,member_120,2020-03-30,Nicolas,Morin,2008-08-13 21:58:46.592957,Barbados,Port Erin,fr,9,48,47
606,member_8,2022-05-20,Maryse,Mary,2005-08-14 21:58:46.605649,Papua New Guinea,East Annechester,fr,4,66,45
607,member_62,2021-07-08,Laurence,Lombard,2008-08-13 21:58:46.618559,Bosnia and Herzegovina,Austintown,fr,3,31,32
608,member_73,2021-02-13,Breanna,West,2006-08-14 21:58:46.632010,Panama,Port Andrewfort,en,8,26,12
609,member_148,2021-10-22,Jacqueline,Tucker,2006-08-14 21:58:46.645028,Lithuania,South Benjaminfurt,en,10,52,28
610,member_42,2023-08-12,Mathilde,Coulon,2010-08-13 21:58:46.657836,Montenegro,Staffordstad,fr,9,60,40
611,member_31,2021-09-28,Erica,Wheeler,2010-08-13 21:58:46.670595,,,en,9,92,17
612,member_74,2022-05-13,Ashley,Webb,2007-08-14 21:58:46.683805,,,en,10,40,9
613,member_28,2021-09-15,Jeffrey,Robles,2010-08-13 21:58:46.696741,Sweden,West Chad,en,5,74,13
614,member_23,2020-04-04,Chase,Jones,2008-08-13 21:58:46.709984,Peru,New Justin,en,7,79,39
615,member_173,2021-02-02,Steven,Grant,2007-08-14 21:58:46.723054,Brunei Darussalam,Lake Stuartfort,en,4,35,33
616,member_110,2022-05-18,Alisha,Berry,2008-08-13 21:58:46.736574,Latvia,South David,en,3,33,22
617,member_98,2022-01-27,Jeffrey,Johnson,2011-08-13 21:58:46.749447,Svalbard & Jan Mayen Islands,Garyfort,en,8,43,49
618,member_139,2022-12-01,Andrée,Cohen,2010-08-13 21:58:46.762192,Botswana,Briantown,fr,5,90,29
619,member_39,2023-05-27,Valentine,Leclercq,2006-08-14 21:58:46.774944,Lesotho,Warrentown,fr,3,78,1
620,member_191,2022-08-20,Alex,Smith,2005-08-14 21:58:46.788302,Mongolia,Castromouth,en,2,31,50
621,member_154,2020-06-30,Jennifer,Ward,2003-08-15 21:58:46.801351,Niue,Fischerland,en,5,38,41
622,member_166,2020-03-31,Kim,Skinner,2013-08-12 21:58:46.814487,Namibia,Port Dorothyport,en,8,82,23
623,member_41,2020-12-02,Zoé,Jacquot,2014-08-12 21:58:46.827350,Angola,Monicaland,fr,10,18,3
624,member_80,2021-07-20,Odette,Guillon,2005-08-14 21:58:46.840644,Guadeloupe,Lake Jason,fr,2,71,8
625,member_89,2022-08-03,Benjamin,Bernard,2011-08-13 21:58:46.853397,Cocos (Keeling) Islands,Duanefort,fr,5,91,42
626,member_93,2022-12-04,Angela,Adkins,2004-08-14 21:58:46.867029,,,en,10,91,8
627,member_46,2022-04-17,Adam,Meza,2006-08-14 21:58:46.880138,Monaco,South Veronicashire,en,9,73,8
628,member_32,2022-02-26,Thomas,Techer,2010-08-13 21:58:46.893779,Gibraltar,East Suzanneview,fr,10,1,16
629,member_9,2021-06-05,Richard,Miles,2004-08-14 21:58:46.906764,French Polynesia,Espinozabury,en,2,69,32
630,member_163,2022-08-23,Debra,Cowan,2013-08-12 21:58:46.919827,Barbados,East Erin,en,5,88,8
631,member_108,2021-04-04,Susan,Vaughn,2007-08-14 21:58:46.932703,Senegal,Markbury,en,2,20,49
632,member_74,2023-01-20,Kimberly,Brady,2011-08-13 21:58:46.946626,Russian Federation,Wendyfurt,en,10,13,34
633,member_29,2020-04-18,John,Long,2012-08-12 21:58:46.961532,Namibia,Bowenfurt,en,2,70,33
634,member_142,2022-10-16,Charlotte,Vidal,2003-08-15 21:58:46.974684,Ethiopia,West Charlesside,fr,6,73,26
635,member_142,2023-05-15,Sheila,Villegas,2015-08-12 21:58:46.987475,Saint Helena,New Davidside,en,7,93,39
636,member_53,2021-12-06,Laura,Moran,2011-08-13 21:58:47.001060,,,en,10,77,36
637,member_62,2020-01-25,Heather,Sullivan,2004-08-14 21:58:47.014123,Tuvalu,Nicoleville,en,1,36,10
638,member_16,2020-05-09,Michael,Hobbs,2005-08-14 21:58:47.027173,Vietnam,Newmantown,en,1,60,45
639,member_125,2021-09-05,Emmanuelle,Hubert,2014-08-12 21:58:47.039919,Serbia,Port Luke,fr,2,70,22
640,member_6,2021-01-16,Daniel,Weaver,2005-08-14 21:58:47.053473,Djibouti,Port Isabelville,en,4,83,38
641,member_113,2020-03-23,Jessica,Stone,2008-08-13 21:58:47.066329,Bolivia,Lindaborough,en,9,46,32
642,member_44,2023-01-10,Michel,Gomes,2009-08-13 21:58:47.078934,,,fr,3,76,47
643,member_84,2021-03-08,Jaclyn,Glenn,2012-08-12 21:58:47.092058,Belarus,Fernandezport,en,10,43,29
644,member_176,2020-09-27,Michelle,Goncalves,2012-08-12 21:58:47.105352,Bulgaria,Barbaraborough,fr,2,54,47
645,member_36,2020-10-21,Adélaïde,Fernandes,2015-08-12 21:58:47.118428,Saudi Arabia,Gutierrezport,fr,8,56,4
646,member_94,2023-04-21,Brian,Garcia,2009-08-13 21:58:47.131301,French Polynesia,New Kimberly,en,7,67,2
647,member_30,2022-09-27,Linda,Brown,2006-08-14 21:58:47.144718,United States Minor Outlying Islands,Garyside,en,4,32,21
648,member_78,2021-04-30,François,Charrier,2010-08-13 21:58:47.158818,Papua New Guinea,West Katie,fr,2,41,15
649,member_17,2023-06-22,Amber,Mckinney,2015-08-12 21:58:47.172613,,,en,5,89,18
650,member_10,2020-03-14,Angela,Jones,2004-08-14 21:58:47.185761,Malawi,Lake Jamesshire,en,7,30,43
651,member_23,2023-07-29,Jody,Butler,2003-08-15 21:58:47.199293,Denmark,Lopezburgh,en,4,89,33
652,member_26,2021-12-08,Guy,Sims,2007-08-14 21:58:47.213418,,,en,2,85,44
653,member_29,2022-03-05,Gina,Banks,2014-08-12 21:58:47.226545,,,en,1,51,37
654,member_139,2023-07-27,Richard,Pasquier,2003-08-15 21:58:47.239259,Spain,Ramirezland,fr,5,40,22
655,member_11,2020-08-28,Kelly,Pineda,2005-08-14 21:58:47.252554,Bangladesh,Hicksmouth,en,1,30,6
656,member_157,2021-09-27,Chad,Taylor,2007-08-14 21:58:47.267203,Saint Martin,South Anthony,en,7,76,4
657,member_110,2020-11-24,Sabine,Salmon,2007-08-14 21:58:47.280662,Cook Islands,New Randybury,fr,9,15,4
658,member_184,2020-10-07,Matthew,Barnes,2015-08-12 21:58:47.293664,,,en,10,91,39
659,member_58,2020-02-18,Patricia,Ledoux,2013-08-12 21:58:47.307091,Cook Islands,North Curtisstad,fr,3,92,29
660,member_151,2023-02-18,Arnaude,Rousseau,2004-08-14 21:58:47.320177,Timor-Leste,Reedfurt,fr,7,79,17
661,member_150,2020-01-09,Jill,May,2011-08-13 21:58:47.333277,Congo,North Carolynbury,en,2,68,37
662,member_93,2022-11-16,Bernard,Edwards,2008-08-13 21:58:47.346092,Cook Islands,Kennethfurt,en,10,93,3
663,member_164,2021-09-24,Antoine,Legros,2010-08-13 21:58:47.359586,Isle of Man,Dunlapside,fr,8,67,9
664,member_75,2022-12-16,Robert,Thompson,2013-08-12 21:58:47.372710,Colombia,Larsonmouth,en,4,99,50
665,member_68,2020-09-30,Sabine,Roche,2011-08-13 21:58:47.385706,Pakistan,South Samuelville,fr,3,71,42
666,member_192,2020-03-19,Joshua,Flores,2009-08-13 21:58:47.398467,Afghanistan,Wilsonside,en,1,74,24
667,member_93,2021-05-11,Léon,Pons,2009-08-13 21:58:47.412063,United States of America,North Danielport,fr,3,10,41
668,member_191,2022-11-21,Jeffery,Peters,2006-08-14 21:58:47.424999,Liberia,Spenceville,en,10,77,3
669,member_124,2020-04-13,Suzanne,Lévy,2013-08-12 21:58:47.437972,Malta,North Zachary,fr,8,64,47
670,member_67,2022-09-03,Michele,Blake,2010-08-13 21:58:47.450849,Cocos (Keeling) Islands,Alexanderburgh,en,2,95,34
671,member_193,2022-03-13,Desiree,Hunter,2013-08-12 21:58:47.464490,Finland,New Susanville,en,3,11,19
672,member_39,2020-07-02,Tammy,Richardson,2010-08-13 21:58:47.477401,United Kingdom,Lake Andreaberg,en,1,68,49
673,member_142,2020-08-01,Jesse,Ortega,2010-08-13 21:58:47.490173,,,en,1,31,31
674,member_55,2020-01-16,Élise,Neveu,2015-08-12 21:58:47.503114,Paraguay,Port David,fr,2,87,34
675,member_171,2021-01-01,Anaïs,Gaudin,2005-08-14 21:58:47.516896,Christmas Island,Paulfort,fr,10,55,2
676,member_94,2020-03-19,Tiffany,Bryant,2009-08-13 21:58:47.530090,Libyan Arab Jamahiriya,West Saraburgh,en,8,29,23
677,member_154,2022-05-27,Roland,Muller,2007-08-14 21:58:47.543061,Ethiopia,Johnsbury,fr,4,16,3
678,member_161,2020-04-27,Claire,Roy,2006-08-14 21:58:47.556732,Russian Federation,Jonestown,fr,4,20,27
679,member_112,2021-07-13,Étienne,Leduc,2009-08-13 21:58:47.569942,Belize,East Billybury,fr,9,30,4
680,member_173,2022-09-25,Luce,Arnaud,2008-08-13 21:58:47.582775,New Zealand,Jennyberg,fr,2,43,31
681,member_147,2020-06-11,Tara,Rose,2015-08-12 21:58:47.595560,Peru,West Samuelfort,en,6,15,26
682,member_77,2022-03-06,Émilie,Allain,2013-08-12 21:58:47.608552,Angola,Donaldfort,fr,8,43,5
683,member_132,2020-11-02,Alphonse,Germain,2009-08-13 21:58:47.621788,Papua New Guinea,Smithchester,fr,1,39,26
684,member_58,2023-02-25,Christopher,Camacho,2015-08-12 21:58:47.634755,Liechtenstein,Rogermouth,en,2,59,15
685,member_189,2020-12-08,Anouk,Arnaud,2007-08-14 21:58:47.647556,,,fr,8,16,34
686,member_118,2021-07-20,Jennifer,Smith,2015-08-12 21:58:47.660452,Netherlands Antilles,South William,en,9,74,13
687,member_110,2021-10-25,Alice,Blanc,2004-08-14 21:58:47.673829,Finland,Angelicaview,fr,10,95,33
688,member_62,2020-06-30,Roger,Lecomte,2012-08-12 21:58:47.686644,Norfolk Island,Port Hannahshire,fr,1,24,29
689,member_102,2020-10-23,Meagan,Powell,2008-08-13 21:58:47.699479,Jordan,Lisafort,en,6,9,31
690,member_49,2022-02-05,Janet,Smith,2010-08-13 21:58:47.712447,Cyprus,Rebeccafort,en,5,25,39
691,member_6,2021-09-06,Étienne,Lebreton,2014-08-12 21:58:47.725782,Solomon Islands,Port Lance,fr,2,75,48
692,member_88,2023-04-26,Melissa,Bennett,2004-08-14 21:58:47.738641,Ethiopia,Lake Danielport,en,4,77,3
693,member_191,2022-12-16,Jordan,Woods,2006-08-14 21:58:47.751603,Lebanon,Lake Maria,en,5,90,43
694,member_35,2020-06-28,Émilie,Lelièvre,2003-08-15 21:58:47.764288,Peru,Williamsfurt,fr,2,93,9
695,member_114,2020-12-06,Andrew,Cummings,2012-08-12 21:58:47.777944,Croatia,South Jamesport,en,4,56,17
696,member_100,2021-04-26,Erik,Martin,2007-08-14 21:58:47.790831,Barbados,Michaelberg,en,8,95,43
697,member_135,2021-09-04,Christina,Payne,2014-08-12 21:58:47.803589,United Arab Emirates,North Hectorland,en,6,17,25
698,member_141,2022-09-09,Philippine,Pinto,2009-08-13 21:58:47.816436,Kenya,Lake Jordan,fr,1,37,48
699,member_158,2023-02-01,Thérèse,Joseph,2009-08-13 21:58:47.830043,Paraguay,Patrickport,fr,1,79,36
700,member_6,2020-01-03,Shannon,Miller,2015-08-12 21:58:47.843001,Bangladesh,South Sarah,en,5,60,31
701,member_25,2020-01-03,Brett,Pruitt,2013-08-12 21:58:47.855652,Israel,Yvonneton,en,8,81,37
702,member_82,2023-05-21,Tara,Martin,2009-08-13 21:58:47.868839,San Marino,Christianmouth,en,4,30,30
703,member_110,2022-08-21,Michael,Shepard,2007-08-14 21:58:47.882433,Italy,South Linda,en,4,2,29
704,member_71,2021-01-12,Marvin,Martin,2003-08-15 21:58:47.898235,Netherlands,Port Andreamouth,en,8,35,20
705,member_69,2021-08-09,Stéphanie,Blanc,2004-08-14 21:58:47.911068,France,Laurenberg,fr,7,67,12
706,member_190,2020-06-27,Michèle,Barthelemy,2004-08-14 21:58:47.924593,Denmark,Joemouth,fr,7,46,21
707,member_106,2022-06-23,Kevin,Ramos,2003-08-15 21:58:47.937407,Japan,South Cole,en,5,17,11
708,member_137,2022-07-24,Melissa,Woods,2004-08-14 21:58:47.950453,Wallis and Futuna,Kimberlyton,en,3,16,46
709,member_56,2023-04-24,Trevor,Anderson,2009-08-13 21:58:47.963254,Indonesia,Jimenezmouth,en,9,52,31
710,member_21,2021-03-07,Georges,Nicolas,2008-08-13 21:58:47.976092,Armenia,West Matthew,fr,4,70,23
711,member_80,2020-08-22,Mark,Mitchell,2008-08-13 21:58:47.989564,Benin,West Chad,en,3,12,24
712,member_124,2020-04-06,Kaitlin,Hernandez,2015-08-12 21:58:48.002678,Malawi,West Patricktown,en,6,58,30
713,member_40,2020-11-18,Samantha,Benson,2006-08-14 21:58:48.015621,,,en,6,3,10
714,member_102,2022-11-10,Melinda,Whitaker,2003-08-15 21:58:48.029097,Seychelles,South Deborahberg,en,9,52,46
715,member_145,2022-08-17,Christopher,Guzman,2003-08-15 21:58:48.042350,Spain,North Evanborough,en,1,14,32
716,member_77,2023-03-18,Sharon,Flores,2011-08-13 21:58:48.055094,Slovakia (Slovak Republic),Meghantown,en,2,19,50
717,member_1,2022-05-13,Clémence,Texier,2013-08-12 21:58:48.068131,Liberia,Lake Chad,fr,9,3,5
718,member_101,2022-12-20,Adèle,Langlois,2012-08-12 21:58:48.080852,Mayotte,Jenniferport,fr,3,68,50
719,member_56,2022-02-14,Wanda,Johnson,2009-08-13 21:58:48.094484,Falkland Islands (Malvinas),Jenniferside,en,6,39,47
720,member_190,2021-11-15,Rhonda,Garcia,2010-08-13 21:58:48.107341,Netherlands Antilles,New Dennis,en,3,46,36
721,member_51,2022-07-24,Christy,Barnes,2014-08-12 21:58:48.120232,Sao Tome and Principe,Ericstad,en,7,86,15
722,member_51,2020-12-05,Travis,Santiago,2006-08-14 21:58:48.133689,Heard Island and McDonald Islands,Crystalborough,en,9,22,26
723,member_32,2022-05-04,Jeannine,Gonzalez,2010-08-13 21:58:48.146616,Antigua and Barbuda,Kevinstad,fr,6,36,1
724,member_55,2023-01-06,Pénélope,Regnier,2006-08-14 21:58:48.159399,Senegal,East Julieville,fr,6,11,26
725,member_134,2020-07-20,Claudine,Simon,2005-08-14 21:58:48.172928,Mongolia,Port Pennyhaven,fr,2,60,5
726,member_108,2020-08-12,Constance,Maréchal,2003-08-15 21:58:48.186626,Argentina,Port Melissa,fr,7,79,6
727,member_90,2022-03-05,Maryse,Fontaine,2014-08-12 21:58:48.201000,Latvia,Garciamouth,fr,1,94,16
728,member_73,2021-05-30,Émile,Bruneau,2008-08-13 21:58:48.213862,Azerbaijan,Port Peggy,fr,1,94,46
729,member_191,2022-06-26,Kyle,Miller,2006-08-14 21:58:48.226851,Lesotho,Wilkinston,en,3,9,4
730,member_157,2022-05-21,Dorothée,Duhamel,2008-08-13 21:58:48.241251,Turks and Caicos Islands,Juanland,fr,8,24,20
731,member_107,2020-10-30,Aimé,Roy,2006-08-14 21:58:48.254070,,,fr,1,53,50
732,member_159,2022-04-24,Amanda,Marks,2006-08-14 21:58:48.266852,Lithuania,South Marytown,en,8,66,46
733,member_23,2021-08-21,Crystal,Hill,2004-08-14 21:58:48.279546,Kiribati,New David,en,4,61,6
734,member_41,2020-05-31,Shelley,Johnson,2011-08-13 21:58:48.292893,Qatar,New Janicemouth,en,8,86,46
735,member_111,2022-01-09,Marthe,Lebrun,2011-08-13 21:58:48.307293,Romania,Shelleyview,fr,5,44,11
736,member_146,2022-09-28,Caitlin,Harris,2013-08-12 21:58:48.321061,Brunei Darussalam,Lyonsstad,en,5,16,44
737,member_43,2023-01-13,Nicholas,Garcia,2003-08-15 21:58:48.334173,Palestinian Territory,Port Melissamouth,en,2,2,11
738,member_105,2022-06-07,Philippine,Étienne,2012-08-12 21:58:48.347474,Ghana,Robbinsfort,fr,8,50,6
739,member_125,2023-07-03,Nicolas,Girard,2014-08-12 21:58:48.360558,China,East Alanmouth,fr,10,53,8
740,member_181,2020-03-10,Olivie,Gilles,2006-08-14 21:58:48.373663,Ecuador,New Selenashire,fr,5,89,2
741,member_131,2023-01-10,Eric,Baxter,2015-08-12 21:58:48.386745,Andorra,Jamesfurt,en,5,72,35
742,member_134,2022-01-15,Deborah,Whitehead,2009-08-13 21:58:48.400214,Sudan,Darrenberg,en,5,68,20
743,member_64,2021-07-08,Margaux,Becker,2008-08-13 21:58:48.413087,Christmas Island,Reedberg,fr,3,16,37
744,member_98,2021-03-19,Aimée,Thibault,2007-08-14 21:58:48.425866,Antigua and Barbuda,East Jasontown,fr,9,29,30
745,member_86,2023-08-09,Robert,Washington,2005-08-14 21:58:48.438637,Palestinian Territory,East Jacquelineberg,en,5,32,16
746,member_86,2020-09-08,Lindsay,Moore,2010-08-13 21:58:48.452496,Chile,Louisborough,en,5,24,45
747,member_86,2021-07-21,Alexandrie,Pottier,2008-08-13 21:58:48.465804,British Virgin Islands,South Jeffery,fr,1,58,33
748,member_107,2020-05-25,Joseph,Ortega,2004-08-14 21:58:48.478619,Paraguay,South David,en,6,10,22
749,member_187,2020-09-03,Christine,Stewart,2008-08-13 21:58:48.491290,Montserrat,East Jason,en,10,79,27
750,member_191,2023-04-25,John,Smith,2015-08-12 21:58:48.504620,Aruba,East Michaelton,en,7,1,43
751,member_138,2022-10-14,Margaret,Peterson,2014-08-12 21:58:48.517422,,,en,10,35,45
752,member_155,2023-01-16,Laura,Bauer,2012-08-12 21:58:48.530095,Palestinian Territory,New David,en,8,62,1
753,member_138,2021-10-29,François,Gonzalez,2007-08-14 21:58:48.542938,British Virgin Islands,Port Beth,fr,8,9,9
754,member_119,2023-04-27,Suzanne,Da Costa,2005-08-14 21:58:48.556037,Angola,Kevinville,fr,6,74,22
755,member_130,2023-05-06,Melanie,Harris,2008-08-13 21:58:48.569022,Bolivia,North Benjamin,en,5,52,3
756,member_169,2023-03-19,Monique,Devaux,2003-08-15 21:58:48.582660,,,fr,4,38,10
757,member_67,2020-06-12,Shannon,Craig,2010-08-13 21:58:48.595310,Chad,Ryanshire,en,1,81,8
758,member_30,2022-02-17,Aimée,Neveu,2011-08-13 21:58:48.608697,,,fr,4,10,35
759,member_177,2020-05-10,James,Spencer,2012-08-12 21:58:48.621505,Tuvalu,Longstad,en,3,84,28
760,member_140,2023-06-25,Luke,Guerra,2010-08-13 21:58:48.634207,,,en,6,91,34
761,member_173,2021-12-07,Stéphanie,Roy,2011-08-13 21:58:48.646753,Svalbard & Jan Mayen Islands,Copelandton,fr,4,68,16
762,member_13,2020-08-05,Elizabeth,Lowe,2007-08-14 21:58:48.660022,Guernsey,Peckborough,en,7,61,21
763,member_93,2020-01-01,Camille,Chevalier,2015-08-12 21:58:48.672751,Bahamas,Erikhaven,fr,7,99,33
764,member_98,2022-03-24,Gabriel,Dupont,2004-08-14 21:58:48.685606,Costa Rica,Howellside,fr,3,8,2
765,member_166,2023-02-05,Erica,Miller,2007-08-14 21:58:48.698169,India,East James,en,6,96,21
766,member_134,2022-12-22,Benoît,Coste,2004-08-14 21:58:48.712487,Tokelau,Youngton,fr,3,34,21
767,member_191,2022-12-25,Marcel,Lopez,2004-08-14 21:58:48.727114,Cuba,Harrellmouth,fr,2,5,44
768,member_0,2021-10-29,Joseph,Patterson,2011-08-13 21:58:48.739960,,,en,6,32,3
769,member_98,2021-08-16,Dorothée,Fleury,2010-08-13 21:58:48.752495,North Macedonia,Taraberg,fr,6,46,38
770,member_144,2020-12-28,Marthe,Diaz,2007-08-14 21:58:48.765690,El Salvador,Port Heidi,fr,4,96,8
771,member_32,2021-10-11,Robert,Boyer,2009-08-13 21:58:48.778796,Mauritius,Lake Michael,en,3,2,28
772,member_77,2020-04-14,Adrian,Wall,2009-08-13 21:58:48.791447,Jersey,Jaredbury,en,1,25,8
773,member_108,2020-12-03,Roland,Imbert,2009-08-13 21:58:48.803999,,,fr,7,37,24
774,member_23,2021-10-27,Théophile,Delmas,2012-08-12 21:58:48.818025,Madagascar,North Kyle,fr,6,23,16
775,member_42,2022-10-20,William,Guerrero,2015-08-12 21:58:48.830987,Uganda,Smithhaven,en,6,84,26
776,member_167,2022-01-15,Tracy,Warren,2010-08-13 21:58:48.843763,Christmas Island,Brownside,en,2,97,36
777,member_125,2023-01-30,Vanessa,Black,2012-08-12 21:58:48.856278,,,en,7,78,15
778,member_53,2023-07-13,Stephanie,Hoffman,2004-08-14 21:58:48.869845,Greenland,West Jill,en,7,49,5
779,member_175,2023-04-27,Jessica,Dixon,2012-08-12 21:58:48.884810,Hungary,New Joseph,en,10,59,11
780,member_116,2021-01-01,Jeffrey,Garcia,2013-08-12 21:58:48.897786,Belize,Millerchester,en,1,44,5
781,member_9,2021-07-27,Paul,Gomes,2015-08-12 21:58:48.911567,Mozambique,Christinemouth,fr,1,84,43
782,member_32,2021-08-21,Marissa,Taylor,2014-08-12 21:58:48.924772,Cyprus,Clarkhaven,en,5,46,48
783,member_34,2020-07-22,Aurore,Blondel,2009-08-13 21:58:48.937412,Yemen,West Jillshire,fr,2,49,21
784,member_115,2020-08-16,Hélène,Adam,2015-08-12 21:58:48.949888,Sierra Leone,New Eddieville,fr,9,80,28
785,member_87,2022-02-02,Dennis,Woodard,2007-08-14 21:58:48.962463,,,en,3,72,15
786,member_125,2020-02-28,Todd,Jones,2003-08-15 21:58:48.976081,Dominica,Hendrickstown,en,4,76,37
787,member_186,2023-03-10,Adam,Acevedo,2013-08-12 21:58:48.988951,Lithuania,Douglasberg,en,2,16,43
788,member_139,2022-03-09,Charlotte,Dumont,2004-08-14 21:58:49.001708,Switzerland,East Wayne,fr,6,10,15
789,member_113,2020-05-22,Grégoire,Laroche,2003-08-15 21:58:49.014074,,,fr,1,27,5
790,member_151,2020-11-26,Thibaut,Dijoux,2003-08-15 21:58:49.028610,Bahamas,Antoniochester,fr,10,26,11
791,member_29,2021-04-28,Michael,Wright,2015-08-12 21:58:49.042906,Australia,Port Bruce,en,5,68,31
792,member_31,2022-08-29,Jeanne,Bousquet,2014-08-12 21:58:49.055665,Marshall Islands,North Danielleside,fr,2,37,36
793,member_162,2020-04-13,Théophile,Pruvost,2008-08-13 21:58:49.069284,Algeria,Marthafort,fr,2,80,32
794,member_61,2021-05-20,Thibault,Blanchard,2003-08-15 21:58:49.083353,Morocco,Port Emilyport,fr,4,16,17
795,member_167,2020-04-27,Jessica,Lee,2008-08-13 21:58:49.097019,,,en,8,60,31
796,member_28,2020-06-07,Jessica,Williams,2007-08-14 21:58:49.109695,Zambia,South Catherine,en,1,85,14
797,member_12,2022-02-20,Constance,Gallet,2007-08-14 21:58:49.122824,Poland,Henryborough,fr,9,51,38
798,member_68,2022-08-26,Patrick,Turner,2006-08-14 21:58:49.136658,,,en,4,20,32
799,member_60,2022-07-19,Adèle,Blondel,2013-08-12 21:58:49.150351,Bulgaria,Kimburgh,fr,4,25,43
800,member_170,2021-11-06,Ryan,Rose,2003-08-15 21:58:49.162909,Portugal,Loveshire,en,4,51,18
801,member_159,2022-08-06,Kristina,Thomas,2006-08-14 21:58:49.176495,Guernsey,South Jennifer,en,3,82,5
802,member_116,2021-01-22,Véronique,Lambert,2006-08-14 21:58:49.189218,India,Port Jorgeland,fr,9,22,9
803,member_138,2022-08-01,Tracy,Porter,2005-08-14 21:58:49.202008,Egypt,Lisaport,en,7,66,46
804,member_108,2023-04-14,Jennifer,Woods,2011-08-13 21:58:49.214528,Zambia,Dominguezview,en,2,53,36
805,member_152,2021-10-11,Richard,Lewis,2011-08-13 21:58:49.227977,Swaziland,East Connor,en,3,51,31
806,member_44,2021-03-02,William,Anderson,2003-08-15 21:58:49.240904,China,Bensonton,en,7,19,22
807,member_20,2023-08-04,Stéphane,Bousquet,2010-08-13 21:58:49.254310,New Caledonia,Rogersland,fr,1,86,36
808,member_135,2022-03-03,Kimberly,Patel,2011-08-13 21:58:49.267123,Ethiopia,Rayshire,en,4,84,44
809,member_29,2021-11-22,Hailey,Hahn,2014-08-12 21:58:49.280526,Tunisia,Rochastad,en,8,52,29
810,member_55,2021-01-03,Eugène,Monnier,2013-08-12 21:58:49.293338,,,fr,3,14,38
811,member_80,2021-02-16,Melissa,Thompson,2013-08-12 21:58:49.305900,Lesotho,Keithland,en,3,87,19
812,member_9,2023-06-08,Lisa,Patel,2003-08-15 21:58:49.318670,Greenland,South Rileytown,en,5,83,41
813,member_151,2020-05-23,Michael,Price,2013-08-12 21:58:49.331928,Suriname,South Andrea,en,7,89,25
814,member_27,2022-06-13,Laetitia,Bernier,2007-08-14 21:58:49.345932,,,fr,9,7,16
815,member_185,2021-01-02,Stephen,Mitchell,2008-08-13 21:58:49.359533,Thailand,West Lauraburgh,en,4,37,35
816,member_94,2022-12-04,Lori,Thomas,2011-08-13 21:58:49.372277,Kuwait,North Candace,en,3,76,43
817,member_100,2020-09-21,Michael,Smith,2015-08-12 21:58:49.386052,,,en,3,8,28
818,member_186,2022-02-21,Joseph,Wyatt,2009-08-13 21:58:49.398966,Myanmar,North Whitneyfort,en,5,86,38
819,member_86,2020-10-05,Frédéric,Samson,2006-08-14 21:58:49.411548,Singapore,Jacksonchester,fr,9,15,15
820,member_63,2020-05-17,Nancy,Simpson,2013-08-12 21:58:49.424257,Uzbekistan,Port Jenniferton,en,3,11,50
821,member_49,2022-10-20,Carolyn,White,2003-08-15 21:58:49.437719,Solomon Islands,Meyerborough,en,7,14,45
822,member_102,2020-07-26,Jennifer,Briggs,2006-08-14 21:58:49.450487,Kazakhstan,Boltontown,en,10,77,23
823,member_7,2021-09-23,Anthony,Anderson,2011-08-13 21:58:49.463033,Montenegro,Michaelberg,en,10,39,6
824,member_15,2023-06-28,James,Chavez,2004-08-14 21:58:49.475848,Barbados,Lake Kelly,en,8,100,50
825,member_169,2021-08-23,Michèle,Mahe,2003-08-15 21:58:49.489669,Madagascar,Solomonland,fr,4,36,18
826,member_87,2022-11-04,Benoît,Olivier,2010-08-13 21:58:49.504112,Costa Rica,Port Andrewtown,fr,1,64,2
827,member_58,2021-08-28,Joseph,Garcia,2005-08-14 21:58:49.517216,Indonesia,Keithfort,en,2,60,2
828,member_179,2021-12-23,Cindy,Lopez,2003-08-15 21:58:49.529905,,,en,2,62,49
829,member_152,2020-05-14,Cynthia,Ramirez,2007-08-14 21:58:49.543431,,,en,5,63,46
830,member_155,2020-01-27,Timothy,Owens,2014-08-12 21:58:49.556108,Haiti,Port Jacobtown,en,10,5,39
831,member_130,2021-08-18,Nancy,Davis,2005-08-14 21:58:49.568849,United States of America,West Kimberlyshire,en,4,9,13
832,member_9,2021-10-19,Jennifer,Gonzalez,2004-08-14 21:58:49.581555,Gambia,Travisport,en,6,23,42
833,member_171,2021-11-05,Christine,Weber,2005-08-14 21:58:49.595861,,,fr,3,78,44
834,member_19,2023-07-30,Eugène,Raynaud,2009-08-13 21:58:49.608475,Hong Kong,Christophershire,fr,1,12,37
835,member_66,2022-01-11,Kenneth,Campos,2009-08-13 21:58:49.621139,Bouvet Island (Bouvetoya),Port Markmouth,en,6,34,9
836,member_50,2022-12-13,Olivia,Turner,2006-08-14 21:58:49.633857,Congo,Davidland,en,1,38,17
837,member_138,2022-03-01,Sébastien,Gosselin,2005-08-14 21:58:49.647143,Aruba,Parsonsborough,fr,8,63,20
838,member_84,2021-05-01,Richard,Freeman,2012-08-12 21:58:49.660043,,,en,7,42,4
839,member_34,2023-06-12,Joseph,Garcia,2012-08-12 21:58:49.672761,Belarus,Hollandland,en,9,50,3
840,member_100,2020-07-27,Emily,Henry,2004-08-14 21:58:49.685672,Lithuania,Sherryton,en,3,54,10
841,member_46,2020-01-20,Scott,Sanchez,2006-08-14 21:58:49.699008,French Guiana,Jennyburgh,en,6,67,4
842,member_64,2021-11-17,Jessica,Anderson,2004-08-14 21:58:49.711566,Congo,North Misty,en,8,39,16
843,member_36,2023-07-12,Cameron,Scott,2012-08-12 21:58:49.724546,Liechtenstein,New Erin,en,7,6,34
844,member_20,2022-09-03,Patrick,Stein,2011-08-13 21:58:49.737351,,,en,3,58,5
845,member_77,2022-08-29,Adrienne,Vallet,2010-08-13 21:58:49.750485,Gibraltar,Josephport,fr,2,38,44
846,member_117,2023-05-18,Mathew,Rodriguez,2012-08-12 21:58:49.763357,Kazakhstan,Robertshire,en,8,84,48
847,member_159,2020-10-13,Madeleine,Texier,2008-08-13 21:58:49.776188,United States Minor Outlying Islands,South Allisonburgh,fr,1,100,27
848,member_61,2021-02-16,Paul,Picard,2010-08-13 21:58:49.788726,Solomon Islands,East James,fr,10,97,39
849,member_13,2021-03-07,Guy,Vallée,2004-08-14 21:58:49.802085,Brunei Darussalam,Jonathanshire,fr,2,98,45
850,member_92,2020-09-02,Chantal,Rey,2006-08-14 21:58:49.814470,Czech Republic,Jennamouth,fr,8,37,27
851,member_192,2022-04-04,Michael,Butler,2008-08-13 21:58:49.827311,Belarus,Lake Heather,en,3,85,26
852,member_15,2023-08-19,Lauren,Maldonado,2015-08-12 21:58:49.840035,Mozambique,West Dana,en,8,94,13
853,member_107,2022-12-07,Charlotte,Olivier,2004-08-14 21:58:49.852874,Azerbaijan,Kevinville,fr,9,22,13
854,member_63,2021-09-07,Bernadette,Moreau,2003-08-15 21:58:49.866025,Belarus,Monicastad,fr,7,57,42
855,member_145,2020-11-16,Arthur,Bonnet,2013-08-12 21:58:49.878961,Guinea-Bissau,Emilyfort,fr,2,5,34
856,member_189,2020-06-09,Julie,Lee,2007-08-14 21:58:49.891771,Bhutan,New Ryanstad,en,1,54,18
857,member_193,2020-06-13,Rhonda,Thompson,2011-08-13 21:58:49.905712,Afghanistan,North Matthew,en,4,21,27
858,member_181,2020-06-12,Stéphanie,Gautier,2009-08-13 21:58:49.920159,,,fr,3,82,45
859,member_96,2020-12-01,Élise,Gonzalez,2015-08-12 21:58:49.934316,,,fr,4,86,2
860,member_6,2021-10-22,Benoît,Marin,2010-08-13 21:58:49.947027,Greenland,Curtisshire,fr,9,64,15
861,member_87,2020-02-21,Chase,Hines,2005-08-14 21:58:49.960347,Philippines,Carrtown,en,10,9,1
862,member_36,2021-02-13,Vincent,Mills,2003-08-15 21:58:49.973321,North Macedonia,North Alexandrachester,en,2,10,25
863,member_15,2020-04-05,Margaret,Lamy,2005-08-14 21:58:49.987014,New Caledonia,East Virginia,fr,3,20,23
864,member_135,2021-08-08,Anne,Gilles,2006-08-14 21:58:50.000880,Lesotho,New Mason,fr,4,3,12
865,member_107,2020-03-13,Matthew,Pittman,2013-08-12 21:58:50.014800,Grenada,Phamfort,en,2,74,11
866,member_27,2020-10-19,Kathryn,Myers,2003-08-15 21:58:50.027908,,,en,10,34,13
867,member_148,2020-06-27,Stephanie,Cunningham,2014-08-12 21:58:50.041293,Isle of Man,North Warrenstad,en,10,57,38
868,member_47,2021-01-08,Stephanie,Anderson,2004-08-14 21:58:50.054614,Antigua and Barbuda,Melissafort,en,9,59,27
869,member_130,2021-08-06,Craig,Cook,2012-08-12 21:58:50.068667,Tajikistan,North Devin,en,1,20,6
870,member_91,2023-07-27,Christine,Torres,2009-08-13 21:58:50.083615,,,en,9,77,37
871,member_123,2020-09-04,Cathy,Palmer,2008-08-13 21:58:50.096531,Latvia,Hollandchester,en,9,23,28
872,member_124,2021-08-29,Kevin,Ross,2011-08-13 21:58:50.110017,United Arab Emirates,Brewermouth,en,8,9,46
873,member_53,2022-09-23,Elizabeth,Berg,2006-08-14 21:58:50.122786,Solomon Islands,East Paul,en,7,33,6
874,member_107,2020-10-24,Cindy,Fowler,2009-08-13 21:58:50.135763,British Virgin Islands,East Claudiatown,en,7,16,10
875,member_56,2022-09-09,David,Wilson,2013-08-12 21:58:50.148581,Palestinian Territory,South Joanstad,en,1,35,30
876,member_33,2020-06-14,Noémi,Raynaud,2010-08-13 21:58:50.161258,Dominican Republic,Gonzaleshaven,fr,10,53,46
877,member_3,2021-10-24,Richard,Jennings,2005-08-14 21:58:50.174800,,,en,1,9,49
878,member_65,2023-07-20,Alfred,Munoz,2003-08-15 21:58:50.187405,Congo,Longstad,fr,5,38,13
879,member_140,2023-02-11,Margaux,Weber,2014-08-12 21:58:50.200086,Korea,West Dorothy,fr,8,6,25
880,member_38,2020-09-12,Darius,Cardenas,2014-08-12 21:58:50.213271,Brazil,South Jason,en,2,27,3
881,member_112,2021-02-02,Noah,Rodriguez,2012-08-12 21:58:50.226359,Mauritania,Harrisstad,en,3,31,16
882,member_93,2023-07-19,Michael,Winters,2015-08-12 21:58:50.239078,,,en,9,60,48
883,member_148,2023-02-17,George,Turner,2005-08-14 21:58:50.251679,,,en,1,64,34
884,member_191,2023-03-06,John,Peck,2011-08-13 21:58:50.264207,Saint Lucia,Lake Lindsay,en,7,68,26
885,member_26,2021-10-14,Michelle,Nichols,2014-08-12 21:58:50.278657,,,en,7,58,42
886,member_56,2021-02-12,Christiane,Royer,2007-08-14 21:58:50.291319,Norfolk Island,Michaeltown,fr,9,55,19
887,member_78,2022-10-30,John,Aguilar,2007-08-14 21:58:50.303953,Indonesia,West Jerry,en,10,4,21
888,member_141,2020-12-24,Antoine,Leroux,2006-08-14 21:58:50.317115,Bangladesh,East Douglas,fr,4,83,20
889,member_146,2021-11-27,Claude,Pinto,2009-08-13 21:58:50.329651,Guyana,New Cindy,fr,9,57,2
890,member_131,2021-11-30,Christine,Lebon,2012-08-12 21:58:50.342286,Indonesia,Lake Laurenbury,fr,10,97,40
891,member_123,2020-08-09,Justin,Rivera,2005-08-14 21:58:50.354721,Indonesia,West Matthew,en,4,76,10
892,member_180,2023-07-31,Erik,Richardson,2008-08-13 21:58:50.367328,Canada,Josephmouth,en,6,84,33
893,member_60,2020-03-21,Pamela,Carroll,2015-08-12 21:58:50.380989,Rwanda,Bakermouth,en,5,89,8
894,member_12,2023-03-12,Kayla,Martinez,2012-08-12 21:58:50.395741,Bulgaria,Robinsonport,en,9,10,4
895,member_106,2020-05-16,Theresa,Torres,2015-08-12 21:58:50.408385,Pitcairn Islands,Lunashire,en,6,15,24
896,member_63,2023-01-11,Phillip,Hampton,2004-08-14 21:58:50.421701,Bosnia and Herzegovina,West Robertborough,en,3,8,10
897,member_145,2020-09-27,Jeremy,Ramirez,2013-08-12 21:58:50.434540,Afghanistan,Kennethstad,en,7,14,47
898,member_17,2022-12-30,Matthieu,Lefort,2005-08-14 21:58:50.447244,Turkmenistan,Evansfort,fr,8,30,20
899,member_162,2022-12-05,Caleb,Hernandez,2012-08-12 21:58:50.459954,Colombia,Lesliemouth,en,6,37,14
900,member_27,2021-01-22,Luis,Huynh,2013-08-12 21:58:50.472716,Guadeloupe,Lake Sandraburgh,en,10,76,3
901,member_95,2023-08-18,Cody,Bennett,2012-08-12 21:58:50.486211,Dominican Republic,Brianland,en,6,36,8
902,member_150,2020-07-14,Robyn,Robinson,2004-08-14 21:58:50.499038,Indonesia,Martinview,en,8,25,16
903,member_9,2020-08-16,Vincent,Guichard,2006-08-14 21:58:50.511587,British Indian Ocean Territory (Chagos Archipelago),Kelleyside,fr,6,23,25
904,member_13,2020-03-06,Amélie,Mendès,2015-08-12 21:58:50.524714,Uganda,Michaelchester,fr,3,49,6
905,member_66,2020-12-12,Arthur,Joubert,2013-08-12 21:58:50.537535,Montenegro,West Jennifer,fr,3,88,1
906,member_169,2021-05-31,Dwayne,Mitchell,2007-08-14 21:58:50.550162,Greece,Robertsonhaven,en,3,73,15
907,member_190,2022-06-04,Jeffery,Hill,2013-08-12 21:58:50.562771,Nepal,Lake Heather,en,4,15,23
908,member_72,2021-07-14,Sandra,Jefferson,2004-08-14 21:58:50.576072,Togo,North Dustin,en,4,61,13
909,member_77,2021-07-29,Agathe,Nguyen,2009-08-13 21:58:50.588734,Guernsey,Lake Rickmouth,fr,4,56,16
910,member_144,2022-04-04,Robert,Taylor,2010-08-13 21:58:50.601415,Saint Vincent and the Grenadines,West Jessicaton,en,5,10,42
911,member_31,2022-09-25,Kevin,Freeman,2003-08-15 21:58:50.615035,Italy,South Bradley,en,7,53,12
912,member_113,2021-01-05,Dana,Day,2011-08-13 21:58:50.628329,Equatorial Guinea,North John,en,8,27,27
913,member_134,2020-01-20,Christopher,Strickland,2012-08-12 21:58:50.641285,Fiji,Vasquezshire,en,3,55,2
914,member_91,2020-05-12,Heidi,Garcia,2015-08-12 21:58:50.653852,Tonga,New Sarah,en,6,6,27
915,member_45,2021-07-12,Christine,Wagner,2006-08-14 21:58:50.666412,Malta,Lake Robin,fr,9,63,40
916,member_51,2022-05-12,Lucas,Courtois,2005-08-14 21:58:50.679397,Slovakia (Slovak Republic),Anthonyfort,fr,8,67,2
917,member_71,2022-02-20,Gregory,Mclaughlin,2006-08-14 21:58:50.692526,Armenia,Markton,en,2,64,47
918,member_157,2022-01-13,Curtis,Walls,2004-08-14 21:58:50.705157,Uzbekistan,Lake Shanetown,en,5,29,34
919,member_63,2023-04-12,Juliette,Léger,2011-08-13 21:58:50.717851,Belize,South Tonyberg,fr,2,77,24
920,member_192,2022-10-26,James,Cuevas,2007-08-14 21:58:50.731223,Uruguay,New Deborah,en,4,42,48
921,member_13,2022-05-28,Betty,Mathews,2015-08-12 21:58:50.744043,Guinea,Garychester,en,9,70,39
922,member_19,2022-09-05,Danielle,Stewart,2004-08-14 21:58:50.756674,Somalia,Lisatown,en,8,64,32
923,member_88,2023-08-10,Julie,Gomez,2011-08-13 21:58:50.769350,Sri Lanka,Thomasmouth,fr,8,71,1
924,member_154,2020-06-04,Joshua,Powell,2013-08-12 21:58:50.782137,Norway,Port Paultown,en,3,28,37
925,member_69,2021-12-09,Micheal,Bennett,2010-08-13 21:58:50.795618,Hong Kong,New Justinfort,en,6,27,15
926,member_58,2020-09-30,Daniel,Richmond,2010-08-13 21:58:50.808472,Denmark,Morrismouth,en,3,17,20
927,member_191,2020-07-29,Lori,Pratt,2007-08-14 21:58:50.821018,Eritrea,Jenniferburgh,en,5,16,4
928,member_81,2023-02-23,Odette,Albert,2009-08-13 21:58:50.834611,Saudi Arabia,Lindaville,fr,4,87,16
929,member_113,2021-11-11,Daniel,Pierce,2009-08-13 21:58:50.848888,Honduras,Port Jamesberg,en,8,7,17
930,member_21,2023-05-05,Mark,Martinez,2003-08-15 21:58:50.862392,Turkey,Terrichester,en,2,22,15
931,member_123,2022-09-22,Malik,Jones,2010-08-13 21:58:50.875361,United States of America,Cassandrabury,en,7,55,45
932,member_7,2020-02-14,Olivia,Waller,2011-08-13 21:58:50.888789,Bahamas,East Kimberlybury,en,7,39,47
933,member_136,2022-03-12,Peggy,Mann,2014-08-12 21:58:50.901969,Vietnam,North Wesley,en,4,72,7
934,member_2,2023-06-20,Alejandro,Robbins,2008-08-13 21:58:50.914465,Norfolk Island,Port Patrick,en,1,96,31
935,member_179,2020-06-30,Eric,Collins,2009-08-13 21:58:50.927155,United Kingdom,Meyerburgh,en,1,57,25
936,member_96,2022-09-21,Nathaniel,Bell,2009-08-13 21:58:50.940479,Dominica,North Craig,en,9,55,49
937,member_134,2020-03-20,Eduardo,Garcia,2006-08-14 21:58:50.954231,Cote d'Ivoire,Port Erik,en,10,17,37
938,member_10,2020-05-05,Renée,Petit,2009-08-13 21:58:50.967092,Panama,Avilafurt,fr,8,35,8
939,member_61,2021-09-11,Cathy,Johnson,2005-08-14 21:58:50.979788,Turks and Caicos Islands,Port Carlosborough,en,10,25,29
940,member_171,2022-12-23,Agathe,Fernandez,2015-08-12 21:58:50.992815,Palau,Adamsfort,fr,9,23,7
941,member_0,2022-06-20,Michael,Gonzales,2011-08-13 21:58:51.006750,Martinique,Rayland,en,1,2,33
942,member_183,2023-06-07,Aaron,Taylor,2004-08-14 21:58:51.020754,Lesotho,South Ernest,en,6,26,37
943,member_19,2022-11-16,Stéphane,Masson,2003-08-15 21:58:51.033752,Namibia,Randyside,fr,8,10,8
944,member_169,2021-07-01,Sarah,Smith,2015-08-12 21:58:51.047409,Russian Federation,East Caitlin,en,5,30,43
945,member_0,2021-03-13,Barbara,Bradley,2004-08-14 21:58:51.061809,,,en,3,37,16
946,member_32,2020-01-06,Théodore,Pires,2007-08-14 21:58:51.074896,Liechtenstein,Turnerchester,fr,3,12,18
947,member_32,2020-08-18,Vincent,Jacquot,2010-08-13 21:58:51.087508,Dominican Republic,Jenniferside,fr,5,52,23
948,member_42,2022-08-27,Travis,Freeman,2015-08-12 21:58:51.100997,Dominica,South Teresaview,en,7,95,23
949,member_74,2022-08-12,Christiane,Fernandez,2007-08-14 21:58:51.113727,,,fr,10,30,31
950,member_76,2020-02-14,Crystal,Watson,2004-08-14 21:58:51.126545,Chad,Scottchester,en,9,41,23
951,member_6,2022-08-01,James,Palmer,2014-08-12 21:58:51.139392,Angola,Davisbury,en,10,46,8
952,member_39,2020-03-22,Stephanie,Gomez,2011-08-13 21:58:51.152891,San Marino,Jenniferstad,en,6,24,5
953,member_125,2022-07-17,Gabrielle,Gaudin,2013-08-12 21:58:51.165602,Faroe Islands,Smithport,fr,1,99,11
954,member_120,2021-04-09,Renee,Hansen,2008-08-13 21:58:51.178478,Norfolk Island,Isaacberg,en,1,90,9
955,member_139,2020-01-10,Jennifer,Garcia,2006-08-14 21:58:51.191324,Antigua and Barbuda,Jenniferville,en,7,98,1
956,member_174,2020-10-31,William,Bailly,2007-08-14 21:58:51.204507,Nicaragua,Micheleside,fr,4,95,38
957,member_76,2021-11-11,Seth,Harvey,2008-08-13 21:58:51.217316,Gambia,East Leslie,en,10,64,42
958,member_2,2023-08-24,Brian,Williams,2015-08-12 21:58:51.229976,,,en,7,81,15
959,member_155,2022-01-24,Jacqueline,Dupont,2015-08-12 21:58:51.243317,Netherlands Antilles,South Jenniferville,fr,8,96,43
960,member_159,2020-09-20,Mary,Jones,2014-08-12 21:58:51.257460,Rwanda,West Ricky,en,7,45,43
961,member_88,2021-08-24,Danielle,Benard,2015-08-12 21:58:51.271598,India,Hillstad,fr,3,92,50
962,member_184,2022-12-08,Anne,Marin,2009-08-13 21:58:51.284509,Belize,Lake Paul,fr,3,36,4
963,member_152,2022-10-27,Virginie,Garcia,2003-08-15 21:58:51.298083,Vietnam,West Anthonystad,fr,9,35,1
964,member_40,2021-02-20,Michelle,Gillet,2008-08-13 21:58:51.311400,,,fr,6,58,46
965,member_173,2021-04-05,Alexandre,Dupuy,2010-08-13 21:58:51.325580,,,fr,8,95,26
966,member_118,2022-10-01,Margot,Jacques,2008-08-13 21:58:51.339188,Romania,New Cristinaborough,fr,7,83,41
967,member_68,2020-07-30,Jacob,Norman,2008-08-13 21:58:51.352643,,,en,2,94,10
968,member_5,2020-04-09,Taylor,Curtis,2013-08-12 21:58:51.365605,Monaco,Schultzmouth,en,4,43,3
969,member_138,2021-02-21,Kristin,Conley,2004-08-14 21:58:51.378745,Japan,Bakerberg,en,10,34,9
970,member_184,2023-03-08,Timothy,Jackson,2013-08-12 21:58:44.288774,,,en,3,15,43
971,member_110,2020-11-24,Sabine,Salmon,2007-08-14 21:58:47.280662,Cook Islands,New Randybury,fr,9,15,4
972,member_37,2021-04-07,Nathan,Allen,2008-08-13 21:58:45.252202,Liechtenstein,Hayesfort,en,1,50,41
973,member_166,2020-03-31,Kim,Skinner,2013-08-12 21:58:46.814487,Namibia,Port Dorothyport,en,8,82,23
974,member_131,2021-12-05,Anne,Besson,2014-08-12 21:58:45.751363,Nigeria,South Nicholasmouth,fr,3,81,44
975,member_45,2020-05-23,Benjamin,Jacquet,2010-08-13 21:58:41.162393,Vietnam,Ortizchester,fr,4,43,15
976,member_148,2021-10-22,Jacqueline,Tucker,2006-08-14 21:58:46.645028,Lithuania,South Benjaminfurt,en,10,52,28
977,member_27,2021-01-22,Luis,Huynh,2013-08-12 21:58:50.472716,Guadeloupe,Lake Sandraburgh,en,10,76,3
978,member_41,2020-08-07,Jennifer,Donovan,2012-08-12 21:58:44.261425,Greece,North Stefanie,en,2,26,17
979,member_141,2020-07-21,Scott,Willis,2014-08-12 21:58:39.903647,Azerbaijan,East Robert,en,7,25,40
980,member_3,2021-10-24,Richard,Jennings,2005-08-14 21:58:50.174800,,,en,1,9,49
981,member_141,2021-10-31,Alexandria,Martin,2014-08-12 21:58:46.043858,,,fr,2,73,19
982,member_152,2021-10-11,Richard,Lewis,2011-08-13 21:58:49.227977,Swaziland,East Connor,en,3,51,31
983,member_5,2022-03-25,Élise,Guichard,2005-08-14 21:58:45.555073,Northern Mariana Islands,Bensonfurt,fr,7,28,38
984,member_60,2022-03-18,Tabitha,Velasquez,2012-08-12 21:58:45.568140,Svalbard & Jan Mayen Islands,West Ambertown,en,9,30,22
985,member_98,2022-05-13,Alejandro,Anderson,2015-08-12 21:58:43.283954,Saint Lucia,Alexanderville,en,5,3,1
986,member_4,2021-12-31,Brandy,Martinez,2006-08-14 21:58:39.735162,,,en,7,92,11
987,member_40,2020-12-27,Peter,Petty,2007-08-14 21:58:42.053553,Venezuela,Lucasport,en,3,79,41
988,member_44,2023-01-10,Michel,Gomes,2009-08-13 21:58:47.078934,,,fr,3,76,47
989,member_56,2022-09-09,David,Wilson,2013-08-12 21:58:50.148581,Palestinian Territory,South Joanstad,en,1,35,30
990,member_141,2021-10-31,Alexandria,Martin,2014-08-12 21:58:46.043858,,,fr,2,73,19
991,member_6,2023-04-29,Lorraine,Le Goff,2006-08-14 21:58:38.831730,,,fr,3,67,5
992,member_144,2022-11-05,Amber,Clark,2004-08-14 21:58:42.648488,United States Minor Outlying Islands,Port Kathrynmouth,en,9,46,16
993,member_180,2023-01-04,Donna,Hensley,2006-08-14 21:58:40.205354,,,en,10,94,16
994,member_43,2020-02-25,John,Ruiz,2014-08-12 21:58:41.865971,French Polynesia,Grantmouth,en,3,28,14
995,member_5,2022-03-25,Élise,Guichard,2005-08-14 21:58:45.555073,Northern Mariana Islands,Bensonfurt,fr,7,28,38
996,member_166,2020-03-31,Kim,Skinner,2013-08-12 21:58:46.814487,Namibia,Port Dorothyport,en,8,82,23
997,member_163,2020-08-13,Kristin,Morrison,2007-08-14 21:58:41.397807,Pakistan,Wesleytown,en,2,42,40
998,member_91,2023-08-27,Christopher,Hurst,2012-08-12 21:58:42.380828,Cape Verde,Elizabethburgh,en,9,12,1
999,member_93,2022-12-04,Angela,Adkins,2004-08-14 21:58:46.867029,,,en,10,91,8
